file,line,type,commit,author,date,time,timezone,datetime,depth,length
style.css,1,css,69538f6b,trv004,2025-04-11,17:11:18,-07:00,2025-04-11T17:11:18-07:00,0,2
style.css,2,css,69538f6b,trv004,2025-04-11,17:11:18,-07:00,2025-04-11T17:11:18-07:00,1,41
style.css,3,css,69538f6b,trv004,2025-04-11,17:11:18,-07:00,2025-04-11T17:11:18-07:00,2,40
style.css,4,css,69538f6b,trv004,2025-04-11,17:11:18,-07:00,2025-04-11T17:11:18-07:00,1,0
style.css,5,css,69538f6b,trv004,2025-04-11,17:11:18,-07:00,2025-04-11T17:11:18-07:00,1,21
style.css,6,css,69538f6b,trv004,2025-04-11,17:11:18,-07:00,2025-04-11T17:11:18-07:00,1,13
style.css,7,css,69538f6b,trv004,2025-04-11,17:11:18,-07:00,2025-04-11T17:11:18-07:00,1,11
style.css,8,css,69538f6b,trv004,2025-04-11,17:11:18,-07:00,2025-04-11T17:11:18-07:00,1,8
style.css,9,css,69538f6b,trv004,2025-04-11,17:11:18,-07:00,2025-04-11T17:11:18-07:00,1,16
style.css,10,css,69538f6b,trv004,2025-04-11,17:11:18,-07:00,2025-04-11T17:11:18-07:00,1,10
style.css,11,css,69538f6b,trv004,2025-04-11,17:11:18,-07:00,2025-04-11T17:11:18-07:00,0,0
style.css,12,css,69538f6b,trv004,2025-04-11,17:11:18,-07:00,2025-04-11T17:11:18-07:00,0,0
style.css,13,css,370dbf3d,trv004,2025-04-19,06:39:49,-07:00,2025-04-19T06:39:49-07:00,0,2
style.css,14,css,370dbf3d,trv004,2025-04-19,06:39:49,-07:00,2025-04-19T06:39:49-07:00,1,21
style.css,15,css,370dbf3d,trv004,2025-04-19,06:39:49,-07:00,2025-04-19T06:39:49-07:00,0,0
style.css,16,css,370dbf3d,trv004,2025-04-19,06:39:49,-07:00,2025-04-19T06:39:49-07:00,0,0
style.css,17,css,69538f6b,trv004,2025-04-11,17:11:18,-07:00,2025-04-11T17:11:18-07:00,0,3
style.css,18,css,69538f6b,trv004,2025-04-11,17:11:18,-07:00,2025-04-11T17:11:18-07:00,0,4
style.css,19,css,69538f6b,trv004,2025-04-11,17:11:18,-07:00,2025-04-11T17:11:18-07:00,1,14
style.css,20,css,69538f6b,trv004,2025-04-11,17:11:18,-07:00,2025-04-11T17:11:18-07:00,0,0
style.css,21,css,69538f6b,trv004,2025-04-11,17:11:18,-07:00,2025-04-11T17:11:18-07:00,0,0
style.css,22,css,370dbf3d,trv004,2025-04-19,06:39:49,-07:00,2025-04-19T06:39:49-07:00,0,1
style.css,23,css,370dbf3d,trv004,2025-04-19,06:39:49,-07:00,2025-04-19T06:39:49-07:00,1,37
style.css,24,css,370dbf3d,trv004,2025-04-19,06:39:49,-07:00,2025-04-19T06:39:49-07:00,1,10
style.css,25,css,370dbf3d,trv004,2025-04-19,06:39:49,-07:00,2025-04-19T06:39:49-07:00,1,18
style.css,26,css,370dbf3d,trv004,2025-04-19,06:39:49,-07:00,2025-04-19T06:39:49-07:00,1,21
style.css,27,css,370dbf3d,trv004,2025-04-19,06:39:49,-07:00,2025-04-19T06:39:49-07:00,1,23
style.css,28,css,370dbf3d,trv004,2025-04-19,06:39:49,-07:00,2025-04-19T06:39:49-07:00,1,37
style.css,29,css,370dbf3d,trv004,2025-04-19,06:39:49,-07:00,2025-04-19T06:39:49-07:00,0,0
style.css,30,css,69538f6b,trv004,2025-04-11,17:11:18,-07:00,2025-04-11T17:11:18-07:00,0,0
style.css,31,css,69538f6b,trv004,2025-04-11,17:11:18,-07:00,2025-04-11T17:11:18-07:00,0,3
style.css,32,css,69538f6b,trv004,2025-04-11,17:11:18,-07:00,2025-04-11T17:11:18-07:00,0,4
style.css,33,css,69538f6b,trv004,2025-04-11,17:11:18,-07:00,2025-04-11T17:11:18-07:00,0,18
style.css,34,css,69538f6b,trv004,2025-04-11,17:11:18,-07:00,2025-04-11T17:11:18-07:00,0,11
style.css,35,css,69538f6b,trv004,2025-04-11,17:11:18,-07:00,2025-04-11T17:11:18-07:00,0,15
style.css,36,css,69538f6b,trv004,2025-04-11,17:11:18,-07:00,2025-04-11T17:11:18-07:00,0,11
style.css,37,css,370dbf3d,trv004,2025-04-19,06:39:49,-07:00,2025-04-19T06:39:49-07:00,0,37
style.css,38,css,69538f6b,trv004,2025-04-11,17:11:18,-07:00,2025-04-11T17:11:18-07:00,0,0
style.css,39,css,69538f6b,trv004,2025-04-11,17:11:18,-07:00,2025-04-11T17:11:18-07:00,0,0
style.css,40,css,69538f6b,trv004,2025-04-11,17:11:18,-07:00,2025-04-11T17:11:18-07:00,0,11
style.css,41,css,370dbf3d,trv004,2025-04-19,06:39:49,-07:00,2025-04-19T06:39:49-07:00,0,43
style.css,42,css,69538f6b,trv004,2025-04-11,17:11:18,-07:00,2025-04-11T17:11:18-07:00,0,18
style.css,43,css,69538f6b,trv004,2025-04-11,17:11:18,-07:00,2025-04-11T17:11:18-07:00,0,0
style.css,44,css,69538f6b,trv004,2025-04-11,17:11:18,-07:00,2025-04-11T17:11:18-07:00,0,0
style.css,45,css,69538f6b,trv004,2025-04-11,17:11:18,-07:00,2025-04-11T17:11:18-07:00,0,3
style.css,46,css,69538f6b,trv004,2025-04-11,17:11:18,-07:00,2025-04-11T17:11:18-07:00,0,47
style.css,47,css,69538f6b,trv004,2025-04-11,17:11:18,-07:00,2025-04-11T17:11:18-07:00,0,0
style.css,48,css,69538f6b,trv004,2025-04-11,17:11:18,-07:00,2025-04-11T17:11:18-07:00,0,0
style.css,49,css,69538f6b,trv004,2025-04-11,17:11:18,-07:00,2025-04-11T17:11:18-07:00,0,2
style.css,50,css,69538f6b,trv004,2025-04-11,17:11:18,-07:00,2025-04-11T17:11:18-07:00,0,30
style.css,51,css,69538f6b,trv004,2025-04-11,17:11:18,-07:00,2025-04-11T17:11:18-07:00,0,0
style.css,52,css,69538f6b,trv004,2025-04-11,17:11:18,-07:00,2025-04-11T17:11:18-07:00,0,0
style.css,53,css,69538f6b,trv004,2025-04-11,17:11:18,-07:00,2025-04-11T17:11:18-07:00,0,9
style.css,54,css,69538f6b,trv004,2025-04-11,17:11:18,-07:00,2025-04-11T17:11:18-07:00,0,43
style.css,55,css,69538f6b,trv004,2025-04-11,17:11:18,-07:00,2025-04-11T17:11:18-07:00,0,18
style.css,56,css,69538f6b,trv004,2025-04-11,17:11:18,-07:00,2025-04-11T17:11:18-07:00,0,54
style.css,57,css,69538f6b,trv004,2025-04-11,17:11:18,-07:00,2025-04-11T17:11:18-07:00,0,0
style.css,58,css,69538f6b,trv004,2025-04-11,17:11:18,-07:00,2025-04-11T17:11:18-07:00,0,0
style.css,59,css,69538f6b,trv004,2025-04-11,17:11:18,-07:00,2025-04-11T17:11:18-07:00,0,21
style.css,60,css,69538f6b,trv004,2025-04-11,17:11:18,-07:00,2025-04-11T17:11:18-07:00,0,10
style.css,61,css,69538f6b,trv004,2025-04-11,17:11:18,-07:00,2025-04-11T17:11:18-07:00,0,11
style.css,62,css,69538f6b,trv004,2025-04-11,17:11:18,-07:00,2025-04-11T17:11:18-07:00,0,8
style.css,63,css,69538f6b,trv004,2025-04-11,17:11:18,-07:00,2025-04-11T17:11:18-07:00,0,19
style.css,64,css,69538f6b,trv004,2025-04-11,17:11:18,-07:00,2025-04-11T17:11:18-07:00,0,0
style.css,65,css,69538f6b,trv004,2025-04-11,17:11:18,-07:00,2025-04-11T17:11:18-07:00,0,0
style.css,66,css,69538f6b,trv004,2025-04-11,17:11:18,-07:00,2025-04-11T17:11:18-07:00,0,3
style.css,67,css,69538f6b,trv004,2025-04-11,17:11:18,-07:00,2025-04-11T17:11:18-07:00,0,19
style.css,68,css,69538f6b,trv004,2025-04-11,17:11:18,-07:00,2025-04-11T17:11:18-07:00,0,14
style.css,69,css,69538f6b,trv004,2025-04-11,17:11:18,-07:00,2025-04-11T17:11:18-07:00,0,0
style.css,70,css,69538f6b,trv004,2025-04-11,17:11:18,-07:00,2025-04-11T17:11:18-07:00,0,0
style.css,71,css,69538f6b,trv004,2025-04-11,17:11:18,-07:00,2025-04-11T17:11:18-07:00,0,2
style.css,72,css,69538f6b,trv004,2025-04-11,17:11:18,-07:00,2025-04-11T17:11:18-07:00,0,10
style.css,73,css,69538f6b,trv004,2025-04-11,17:11:18,-07:00,2025-04-11T17:11:18-07:00,0,28
style.css,74,css,69538f6b,trv004,2025-04-11,17:11:18,-07:00,2025-04-11T17:11:18-07:00,0,5
style.css,75,css,69538f6b,trv004,2025-04-11,17:11:18,-07:00,2025-04-11T17:11:18-07:00,0,0
style.css,76,css,69538f6b,trv004,2025-04-11,17:11:18,-07:00,2025-04-11T17:11:18-07:00,0,0
style.css,77,css,69538f6b,trv004,2025-04-11,17:11:18,-07:00,2025-04-11T17:11:18-07:00,0,3
style.css,78,css,69538f6b,trv004,2025-04-11,17:11:18,-07:00,2025-04-11T17:11:18-07:00,0,16
style.css,79,css,69538f6b,trv004,2025-04-11,17:11:18,-07:00,2025-04-11T17:11:18-07:00,0,19
style.css,80,css,69538f6b,trv004,2025-04-11,17:11:18,-07:00,2025-04-11T17:11:18-07:00,0,0
style.css,81,css,69538f6b,trv004,2025-04-11,17:11:18,-07:00,2025-04-11T17:11:18-07:00,0,0
style.css,82,css,69538f6b,trv004,2025-04-11,17:11:18,-07:00,2025-04-11T17:11:18-07:00,0,4
style.css,83,css,69538f6b,trv004,2025-04-11,17:11:18,-07:00,2025-04-11T17:11:18-07:00,0,16
style.css,84,css,69538f6b,trv004,2025-04-11,17:11:18,-07:00,2025-04-11T17:11:18-07:00,0,0
style.css,85,css,69538f6b,trv004,2025-04-11,17:11:18,-07:00,2025-04-11T17:11:18-07:00,0,0
style.css,86,css,69538f6b,trv004,2025-04-11,17:11:18,-07:00,2025-04-11T17:11:18-07:00,0,7
style.css,87,css,69538f6b,trv004,2025-04-11,17:11:18,-07:00,2025-04-11T17:11:18-07:00,0,10
style.css,88,css,69538f6b,trv004,2025-04-11,17:11:18,-07:00,2025-04-11T17:11:18-07:00,0,56
style.css,89,css,69538f6b,trv004,2025-04-11,17:11:18,-07:00,2025-04-11T17:11:18-07:00,0,5
style.css,90,css,69538f6b,trv004,2025-04-11,17:11:18,-07:00,2025-04-11T17:11:18-07:00,0,0
style.css,91,css,69538f6b,trv004,2025-04-11,17:11:18,-07:00,2025-04-11T17:11:18-07:00,0,0
style.css,92,css,69538f6b,trv004,2025-04-11,17:11:18,-07:00,2025-04-11T17:11:18-07:00,0,15
style.css,93,css,69538f6b,trv004,2025-04-11,17:11:18,-07:00,2025-04-11T17:11:18-07:00,0,24
style.css,94,css,69538f6b,trv004,2025-04-11,17:11:18,-07:00,2025-04-11T17:11:18-07:00,0,13
style.css,95,css,69538f6b,trv004,2025-04-11,17:11:18,-07:00,2025-04-11T17:11:18-07:00,0,5
style.css,96,css,69538f6b,trv004,2025-04-11,17:11:18,-07:00,2025-04-11T17:11:18-07:00,0,0
style.css,97,css,69538f6b,trv004,2025-04-11,17:11:18,-07:00,2025-04-11T17:11:18-07:00,0,0
style.css,98,css,69538f6b,trv004,2025-04-11,17:11:18,-07:00,2025-04-11T17:11:18-07:00,0,10
style.css,99,css,69538f6b,trv004,2025-04-11,17:11:18,-07:00,2025-04-11T17:11:18-07:00,0,6
style.css,100,css,69538f6b,trv004,2025-04-11,17:11:18,-07:00,2025-04-11T17:11:18-07:00,0,0
style.css,101,css,69538f6b,trv004,2025-04-11,17:11:18,-07:00,2025-04-11T17:11:18-07:00,0,0
style.css,102,css,69538f6b,trv004,2025-04-11,17:11:18,-07:00,2025-04-11T17:11:18-07:00,0,0
style.css,103,css,69538f6b,trv004,2025-04-11,17:11:18,-07:00,2025-04-11T17:11:18-07:00,0,12
style.css,104,css,69538f6b,trv004,2025-04-11,17:11:18,-07:00,2025-04-11T17:11:18-07:00,0,0
style.css,105,css,69538f6b,trv004,2025-04-11,17:11:18,-07:00,2025-04-11T17:11:18-07:00,0,0
style.css,106,css,69538f6b,trv004,2025-04-11,17:11:18,-07:00,2025-04-11T17:11:18-07:00,0,20
style.css,107,css,69538f6b,trv004,2025-04-11,17:11:18,-07:00,2025-04-11T17:11:18-07:00,0,13
style.css,108,css,69538f6b,trv004,2025-04-11,17:11:18,-07:00,2025-04-11T17:11:18-07:00,0,15
style.css,109,css,69538f6b,trv004,2025-04-11,17:11:18,-07:00,2025-04-11T17:11:18-07:00,0,0
style.css,110,css,69538f6b,trv004,2025-04-11,17:11:18,-07:00,2025-04-11T17:11:18-07:00,0,0
style.css,111,css,69538f6b,trv004,2025-04-11,17:11:18,-07:00,2025-04-11T17:11:18-07:00,0,1
style.css,112,css,69538f6b,trv004,2025-04-11,17:11:18,-07:00,2025-04-11T17:11:18-07:00,0,38
style.css,113,css,69538f6b,trv004,2025-04-11,17:11:18,-07:00,2025-04-11T17:11:18-07:00,0,13
style.css,114,css,69538f6b,trv004,2025-04-11,17:11:18,-07:00,2025-04-11T17:11:18-07:00,0,10
style.css,115,css,69538f6b,trv004,2025-04-11,17:11:18,-07:00,2025-04-11T17:11:18-07:00,0,22
style.css,116,css,69538f6b,trv004,2025-04-11,17:11:18,-07:00,2025-04-11T17:11:18-07:00,0,8
style.css,117,css,69538f6b,trv004,2025-04-11,17:11:18,-07:00,2025-04-11T17:11:18-07:00,0,13
style.css,118,css,69538f6b,trv004,2025-04-11,17:11:18,-07:00,2025-04-11T17:11:18-07:00,0,11
style.css,119,css,69538f6b,trv004,2025-04-11,17:11:18,-07:00,2025-04-11T17:11:18-07:00,0,0
style.css,120,css,69538f6b,trv004,2025-04-11,17:11:18,-07:00,2025-04-11T17:11:18-07:00,0,0
style.css,121,css,69538f6b,trv004,2025-04-11,17:11:18,-07:00,2025-04-11T17:11:18-07:00,0,4
style.css,122,css,69538f6b,trv004,2025-04-11,17:11:18,-07:00,2025-04-11T17:11:18-07:00,0,12
style.css,123,css,69538f6b,trv004,2025-04-11,17:11:18,-07:00,2025-04-11T17:11:18-07:00,0,13
style.css,124,css,69538f6b,trv004,2025-04-11,17:11:18,-07:00,2025-04-11T17:11:18-07:00,0,15
style.css,125,css,69538f6b,trv004,2025-04-11,17:11:18,-07:00,2025-04-11T17:11:18-07:00,0,18
style.css,126,css,69538f6b,trv004,2025-04-11,17:11:18,-07:00,2025-04-11T17:11:18-07:00,0,0
style.css,127,css,69538f6b,trv004,2025-04-11,17:11:18,-07:00,2025-04-11T17:11:18-07:00,0,0
style.css,128,css,69538f6b,trv004,2025-04-11,17:11:18,-07:00,2025-04-11T17:11:18-07:00,0,3
style.css,129,css,69538f6b,trv004,2025-04-11,17:11:18,-07:00,2025-04-11T17:11:18-07:00,0,3
style.css,130,css,69538f6b,trv004,2025-04-11,17:11:18,-07:00,2025-04-11T17:11:18-07:00,0,3
style.css,131,css,69538f6b,trv004,2025-04-11,17:11:18,-07:00,2025-04-11T17:11:18-07:00,0,3
style.css,132,css,69538f6b,trv004,2025-04-11,17:11:18,-07:00,2025-04-11T17:11:18-07:00,0,4
style.css,133,css,69538f6b,trv004,2025-04-11,17:11:18,-07:00,2025-04-11T17:11:18-07:00,1,13
style.css,134,css,69538f6b,trv004,2025-04-11,17:11:18,-07:00,2025-04-11T17:11:18-07:00,1,15
style.css,135,css,69538f6b,trv004,2025-04-11,17:11:18,-07:00,2025-04-11T17:11:18-07:00,1,13
style.css,136,css,69538f6b,trv004,2025-04-11,17:11:18,-07:00,2025-04-11T17:11:18-07:00,1,18
style.css,137,css,69538f6b,trv004,2025-04-11,17:11:18,-07:00,2025-04-11T17:11:18-07:00,0,0
style.css,138,css,69538f6b,trv004,2025-04-11,17:11:18,-07:00,2025-04-11T17:11:18-07:00,0,0
style.css,139,css,69538f6b,trv004,2025-04-11,17:11:18,-07:00,2025-04-11T17:11:18-07:00,0,4
style.css,140,css,69538f6b,trv004,2025-04-11,17:11:18,-07:00,2025-04-11T17:11:18-07:00,0,12
style.css,141,css,69538f6b,trv004,2025-04-11,17:11:18,-07:00,2025-04-11T17:11:18-07:00,0,11
style.css,142,css,69538f6b,trv004,2025-04-11,17:11:18,-07:00,2025-04-11T17:11:18-07:00,0,0
style.css,143,css,69538f6b,trv004,2025-04-11,17:11:18,-07:00,2025-04-11T17:11:18-07:00,0,0
style.css,144,css,69538f6b,trv004,2025-04-11,17:11:18,-07:00,2025-04-11T17:11:18-07:00,0,4
style.css,145,css,69538f6b,trv004,2025-04-11,17:11:18,-07:00,2025-04-11T17:11:18-07:00,0,15
style.css,146,css,69538f6b,trv004,2025-04-11,17:11:18,-07:00,2025-04-11T17:11:18-07:00,0,19
style.css,147,css,69538f6b,trv004,2025-04-11,17:11:18,-07:00,2025-04-11T17:11:18-07:00,0,8
style.css,148,css,69538f6b,trv004,2025-04-11,17:11:18,-07:00,2025-04-11T17:11:18-07:00,0,0
style.css,149,css,69538f6b,trv004,2025-04-11,17:11:18,-07:00,2025-04-11T17:11:18-07:00,0,0
style.css,150,css,69538f6b,trv004,2025-04-11,17:11:18,-07:00,2025-04-11T17:11:18-07:00,0,6
style.css,151,css,69538f6b,trv004,2025-04-11,17:11:18,-07:00,2025-04-11T17:11:18-07:00,0,15
style.css,152,css,69538f6b,trv004,2025-04-11,17:11:18,-07:00,2025-04-11T17:11:18-07:00,0,14
style.css,153,css,69538f6b,trv004,2025-04-11,17:11:18,-07:00,2025-04-11T17:11:18-07:00,0,8
style.css,154,css,69538f6b,trv004,2025-04-11,17:11:18,-07:00,2025-04-11T17:11:18-07:00,0,11
style.css,155,css,69538f6b,trv004,2025-04-11,17:11:18,-07:00,2025-04-11T17:11:18-07:00,0,18
style.css,156,css,69538f6b,trv004,2025-04-11,17:11:18,-07:00,2025-04-11T17:11:18-07:00,0,0
style.css,157,css,69538f6b,trv004,2025-04-11,17:11:18,-07:00,2025-04-11T17:11:18-07:00,0,0
style.css,158,css,69538f6b,trv004,2025-04-11,17:11:18,-07:00,2025-04-11T17:11:18-07:00,0,9
style.css,159,css,69538f6b,trv004,2025-04-11,17:11:18,-07:00,2025-04-11T17:11:18-07:00,0,18
style.css,160,css,69538f6b,trv004,2025-04-11,17:11:18,-07:00,2025-04-11T17:11:18-07:00,0,0
style.css,161,css,69538f6b,trv004,2025-04-11,17:11:18,-07:00,2025-04-11T17:11:18-07:00,0,0
style.css,162,css,69538f6b,trv004,2025-04-11,17:11:18,-07:00,2025-04-11T17:11:18-07:00,0,9
style.css,163,css,69538f6b,trv004,2025-04-11,17:11:18,-07:00,2025-04-11T17:11:18-07:00,0,18
style.css,164,css,69538f6b,trv004,2025-04-11,17:11:18,-07:00,2025-04-11T17:11:18-07:00,0,0
style.css,165,css,69538f6b,trv004,2025-04-11,17:11:18,-07:00,2025-04-11T17:11:18-07:00,0,0
style.css,166,css,69538f6b,trv004,2025-04-11,17:11:18,-07:00,2025-04-11T17:11:18-07:00,0,4
style.css,167,css,69538f6b,trv004,2025-04-11,17:11:18,-07:00,2025-04-11T17:11:18-07:00,0,17
style.css,168,css,69538f6b,trv004,2025-04-11,17:11:18,-07:00,2025-04-11T17:11:18-07:00,0,0
style.css,169,css,69538f6b,trv004,2025-04-11,17:11:18,-07:00,2025-04-11T17:11:18-07:00,0,0
style.css,170,css,69538f6b,trv004,2025-04-11,17:11:18,-07:00,2025-04-11T17:11:18-07:00,0,7
style.css,171,css,69538f6b,trv004,2025-04-11,17:11:18,-07:00,2025-04-11T17:11:18-07:00,0,18
style.css,172,css,370dbf3d,trv004,2025-04-19,06:39:49,-07:00,2025-04-19T06:39:49-07:00,0,0
style.css,173,css,370dbf3d,trv004,2025-04-19,06:39:49,-07:00,2025-04-19T06:39:49-07:00,0,0
style.css,174,css,370dbf3d,trv004,2025-04-19,06:39:49,-07:00,2025-04-19T06:39:49-07:00,0,11
style.css,175,css,370dbf3d,trv004,2025-04-19,06:39:49,-07:00,2025-04-19T06:39:49-07:00,0,11
style.css,176,css,370dbf3d,trv004,2025-04-19,06:39:49,-07:00,2025-04-19T06:39:49-07:00,0,16
style.css,177,css,370dbf3d,trv004,2025-04-19,06:39:49,-07:00,2025-04-19T06:39:49-07:00,0,14
style.css,178,css,370dbf3d,trv004,2025-04-19,06:39:49,-07:00,2025-04-19T06:39:49-07:00,0,0
style.css,179,css,370dbf3d,trv004,2025-04-19,06:39:49,-07:00,2025-04-19T06:39:49-07:00,0,0
style.css,180,css,370dbf3d,trv004,2025-04-19,06:39:49,-07:00,2025-04-19T06:39:49-07:00,0,18
style.css,181,css,370dbf3d,trv004,2025-04-19,06:39:49,-07:00,2025-04-19T06:39:49-07:00,0,15
style.css,182,css,370dbf3d,trv004,2025-04-19,06:39:49,-07:00,2025-04-19T06:39:49-07:00,0,10
style.css,183,css,370dbf3d,trv004,2025-04-19,06:39:49,-07:00,2025-04-19T06:39:49-07:00,0,0
style.css,184,css,370dbf3d,trv004,2025-04-19,06:39:49,-07:00,2025-04-19T06:39:49-07:00,0,0
style.css,185,css,370dbf3d,trv004,2025-04-19,06:39:49,-07:00,2025-04-19T06:39:49-07:00,0,46
style.css,186,css,370dbf3d,trv004,2025-04-19,06:39:49,-07:00,2025-04-19T06:39:49-07:00,0,16
style.css,187,css,370dbf3d,trv004,2025-04-19,06:39:49,-07:00,2025-04-19T06:39:49-07:00,0,15
style.css,188,css,370dbf3d,trv004,2025-04-19,06:39:49,-07:00,2025-04-19T06:39:49-07:00,0,48
style.css,189,css,0f2e1a74,trv004,2025-04-19,06:49:05,-07:00,2025-04-19T06:49:05-07:00,0,52
style.css,190,css,370dbf3d,trv004,2025-04-19,06:39:49,-07:00,2025-04-19T06:39:49-07:00,0,52
style.css,191,css,370dbf3d,trv004,2025-04-19,06:39:49,-07:00,2025-04-19T06:39:49-07:00,0,68
style.css,192,css,370dbf3d,trv004,2025-04-19,06:39:49,-07:00,2025-04-19T06:39:49-07:00,0,0
style.css,193,css,370dbf3d,trv004,2025-04-19,06:39:49,-07:00,2025-04-19T06:39:49-07:00,0,0
style.css,194,css,370dbf3d,trv004,2025-04-19,06:39:49,-07:00,2025-04-19T06:39:49-07:00,0,4
style.css,195,css,370dbf3d,trv004,2025-04-19,06:39:49,-07:00,2025-04-19T06:39:49-07:00,0,63
style.css,196,css,3b3c643a,trv004,2025-04-26,01:01:30,-07:00,2025-04-26T01:01:30-07:00,0,0
style.css,197,css,3b3c643a,trv004,2025-04-26,01:01:30,-07:00,2025-04-26T01:01:30-07:00,0,0
style.css,198,css,3b3c643a,trv004,2025-04-26,01:01:30,-07:00,2025-04-26T01:01:30-07:00,0,12
style.css,199,css,3b3c643a,trv004,2025-04-26,01:01:30,-07:00,2025-04-26T01:01:30-07:00,0,8
style.css,200,css,3b3c643a,trv004,2025-04-26,01:01:30,-07:00,2025-04-26T01:01:30-07:00,0,12
style.css,201,css,3b3c643a,trv004,2025-04-26,01:01:30,-07:00,2025-04-26T01:01:30-07:00,0,11
style.css,202,css,3b3c643a,trv004,2025-04-26,01:01:30,-07:00,2025-04-26T01:01:30-07:00,0,10
style.css,203,css,3b3c643a,trv004,2025-04-26,01:01:30,-07:00,2025-04-26T01:01:30-07:00,0,19
style.css,204,css,3b3c643a,trv004,2025-04-26,01:01:30,-07:00,2025-04-26T01:01:30-07:00,0,15
style.css,205,css,3b3c643a,trv004,2025-04-26,01:01:30,-07:00,2025-04-26T01:01:30-07:00,0,22
style.css,206,css,3b3c643a,trv004,2025-04-26,01:01:30,-07:00,2025-04-26T01:01:30-07:00,0,19
style.css,207,css,3b3c643a,trv004,2025-04-26,01:01:30,-07:00,2025-04-26T01:01:30-07:00,0,0
style.css,208,css,3b3c643a,trv004,2025-04-26,01:01:30,-07:00,2025-04-26T01:01:30-07:00,0,0
style.css,209,css,3b3c643a,trv004,2025-04-26,01:01:30,-07:00,2025-04-26T01:01:30-07:00,0,30
style.css,210,css,3b3c643a,trv004,2025-04-26,01:01:30,-07:00,2025-04-26T01:01:30-07:00,0,0
style.css,211,css,3b3c643a,trv004,2025-04-26,01:01:30,-07:00,2025-04-26T01:01:30-07:00,0,15
style.css,212,css,3b3c643a,trv004,2025-04-26,01:01:30,-07:00,2025-04-26T01:01:30-07:00,0,13
style.css,213,css,3b3c643a,trv004,2025-04-26,01:01:30,-07:00,2025-04-26T01:01:30-07:00,0,16
style.css,214,css,3b3c643a,trv004,2025-04-26,01:01:30,-07:00,2025-04-26T01:01:30-07:00,0,0
style.css,215,css,3b3c643a,trv004,2025-04-26,01:01:30,-07:00,2025-04-26T01:01:30-07:00,0,0
style.css,216,css,3b3c643a,trv004,2025-04-26,01:01:30,-07:00,2025-04-26T01:01:30-07:00,0,19
style.css,217,css,3b3c643a,trv004,2025-04-26,01:01:30,-07:00,2025-04-26T01:01:30-07:00,0,15
style.css,218,css,3b3c643a,trv004,2025-04-26,01:01:30,-07:00,2025-04-26T01:01:30-07:00,0,10
style.css,219,css,3b3c643a,trv004,2025-04-26,01:01:30,-07:00,2025-04-26T01:01:30-07:00,0,57
style.css,220,css,3b3c643a,trv004,2025-04-26,01:01:30,-07:00,2025-04-26T01:01:30-07:00,0,57
style.css,221,css,3b3c643a,trv004,2025-04-26,01:01:30,-07:00,2025-04-26T01:01:30-07:00,0,10
style.css,222,css,3b3c643a,trv004,2025-04-26,01:01:30,-07:00,2025-04-26T01:01:30-07:00,0,19
style.css,223,css,3b3c643a,trv004,2025-04-26,01:01:30,-07:00,2025-04-26T01:01:30-07:00,0,0
style.css,224,css,3b3c643a,trv004,2025-04-26,01:01:30,-07:00,2025-04-26T01:01:30-07:00,0,0
style.css,225,css,3b3c643a,trv004,2025-04-26,01:01:30,-07:00,2025-04-26T01:01:30-07:00,0,20
style.css,226,css,3b3c643a,trv004,2025-04-26,01:01:30,-07:00,2025-04-26T01:01:30-07:00,0,3
style.css,227,css,3b3c643a,trv004,2025-04-26,01:01:30,-07:00,2025-04-26T01:01:30-07:00,0,11
style.css,228,css,3b3c643a,trv004,2025-04-26,01:01:30,-07:00,2025-04-26T01:01:30-07:00,0,16
style.css,229,css,3b3c643a,trv004,2025-04-26,01:01:30,-07:00,2025-04-26T01:01:30-07:00,0,14
style.css,230,css,3b3c643a,trv004,2025-04-26,01:01:30,-07:00,2025-04-26T01:01:30-07:00,0,0
style.css,231,css,3b3c643a,trv004,2025-04-26,01:01:30,-07:00,2025-04-26T01:01:30-07:00,0,0
style.css,232,css,3b3c643a,trv004,2025-04-26,01:01:30,-07:00,2025-04-26T01:01:30-07:00,0,18
style.css,233,css,3b3c643a,trv004,2025-04-26,01:01:30,-07:00,2025-04-26T01:01:30-07:00,0,4
style.css,234,css,3b3c643a,trv004,2025-04-26,01:01:30,-07:00,2025-04-26T01:01:30-07:00,0,8
style.css,235,css,3b3c643a,trv004,2025-04-26,01:01:30,-07:00,2025-04-26T01:01:30-07:00,0,10
style.css,236,css,3b3c643a,trv004,2025-04-26,01:01:30,-07:00,2025-04-26T01:01:30-07:00,0,13
style.css,237,css,3b3c643a,trv004,2025-04-26,01:01:30,-07:00,2025-04-26T01:01:30-07:00,0,16
style.css,238,css,3b3c643a,trv004,2025-04-26,01:01:30,-07:00,2025-04-26T01:01:30-07:00,0,19
style.css,239,css,3b3c643a,trv004,2025-04-26,01:01:30,-07:00,2025-04-26T01:01:30-07:00,0,15
style.css,240,css,3b3c643a,trv004,2025-04-26,01:01:30,-07:00,2025-04-26T01:01:30-07:00,0,0
style.css,241,css,3b3c643a,trv004,2025-04-26,01:01:30,-07:00,2025-04-26T01:01:30-07:00,0,0
style.css,242,css,3b3c643a,trv004,2025-04-26,01:01:30,-07:00,2025-04-26T01:01:30-07:00,0,29
style.css,243,css,3b3c643a,trv004,2025-04-26,01:01:30,-07:00,2025-04-26T01:01:30-07:00,0,15
style.css,244,css,3b3c643a,trv004,2025-04-26,01:01:30,-07:00,2025-04-26T01:01:30-07:00,0,65
style.css,245,css,3b3c643a,trv004,2025-04-26,01:01:30,-07:00,2025-04-26T01:01:30-07:00,0,14
style.css,246,css,3b3c643a,trv004,2025-04-26,01:01:30,-07:00,2025-04-26T01:01:30-07:00,0,6
style.css,247,css,3b3c643a,trv004,2025-04-26,01:01:30,-07:00,2025-04-26T01:01:30-07:00,0,0
style.css,248,css,3b3c643a,trv004,2025-04-26,01:01:30,-07:00,2025-04-26T01:01:30-07:00,0,0
style.css,249,css,3b3c643a,trv004,2025-04-26,01:01:30,-07:00,2025-04-26T01:01:30-07:00,0,15
style.css,250,css,3b3c643a,trv004,2025-04-26,01:01:30,-07:00,2025-04-26T01:01:30-07:00,0,71
style.css,251,css,3b3c643a,trv004,2025-04-26,01:01:30,-07:00,2025-04-26T01:01:30-07:00,0,6
style.css,252,css,3b3c643a,trv004,2025-04-26,01:01:30,-07:00,2025-04-26T01:01:30-07:00,0,9
style.css,253,css,3b3c643a,trv004,2025-04-26,01:01:30,-07:00,2025-04-26T01:01:30-07:00,0,22
style.css,254,css,3b3c643a,trv004,2025-04-26,01:01:30,-07:00,2025-04-26T01:01:30-07:00,0,15
style.css,255,css,3b3c643a,trv004,2025-04-26,01:01:30,-07:00,2025-04-26T01:01:30-07:00,0,19
style.css,256,css,3b3c643a,trv004,2025-04-26,01:01:30,-07:00,2025-04-26T01:01:30-07:00,0,0
style.css,257,css,3b3c643a,trv004,2025-04-26,01:01:30,-07:00,2025-04-26T01:01:30-07:00,0,0
style.css,258,css,3b3c643a,trv004,2025-04-26,01:01:30,-07:00,2025-04-26T01:01:30-07:00,0,33
style.css,259,css,3b3c643a,trv004,2025-04-26,01:01:30,-07:00,2025-04-26T01:01:30-07:00,0,34
style.css,260,css,3b3c643a,trv004,2025-04-26,01:01:30,-07:00,2025-04-26T01:01:30-07:00,0,10
style.css,261,css,3b3c643a,trv004,2025-04-26,01:01:30,-07:00,2025-04-26T01:01:30-07:00,0,16
style.css,262,css,3b3c643a,trv004,2025-04-26,01:01:30,-07:00,2025-04-26T01:01:30-07:00,0,70
style.css,263,css,3b3c643a,trv004,2025-04-26,01:01:30,-07:00,2025-04-26T01:01:30-07:00,0,14
style.css,264,css,3b3c643a,trv004,2025-04-26,01:01:30,-07:00,2025-04-26T01:01:30-07:00,0,19
style.css,265,css,3b3c643a,trv004,2025-04-26,01:01:30,-07:00,2025-04-26T01:01:30-07:00,0,0
style.css,266,css,3b3c643a,trv004,2025-04-26,01:01:30,-07:00,2025-04-26T01:01:30-07:00,0,0
style.css,267,css,3b3c643a,trv004,2025-04-26,01:01:30,-07:00,2025-04-26T01:01:30-07:00,0,11
style.css,268,css,3b3c643a,trv004,2025-04-26,01:01:30,-07:00,2025-04-26T01:01:30-07:00,0,8
style.css,269,css,3b3c643a,trv004,2025-04-26,01:01:30,-07:00,2025-04-26T01:01:30-07:00,0,13
style.css,270,css,3b3c643a,trv004,2025-04-26,01:01:30,-07:00,2025-04-26T01:01:30-07:00,0,9
style.css,271,css,dbb93ae9,trv004,2025-05-01,00:40:56,-07:00,2025-05-01T00:40:56-07:00,0,0
style.css,272,css,dbb93ae9,trv004,2025-05-01,00:40:56,-07:00,2025-05-01T00:40:56-07:00,0,0
style.css,273,css,dbb93ae9,trv004,2025-05-01,00:40:56,-07:00,2025-05-01T00:40:56-07:00,0,16
style.css,274,css,dbb93ae9,trv004,2025-05-01,00:40:56,-07:00,2025-05-01T00:40:56-07:00,0,12
style.css,275,css,dbb93ae9,trv004,2025-05-01,00:40:56,-07:00,2025-05-01T00:40:56-07:00,0,14
style.css,276,css,dbb93ae9,trv004,2025-05-01,00:40:56,-07:00,2025-05-01T00:40:56-07:00,0,14
style.css,277,css,dbb93ae9,trv004,2025-05-01,00:40:56,-07:00,2025-05-01T00:40:56-07:00,0,0
style.css,278,css,dbb93ae9,trv004,2025-05-01,00:40:56,-07:00,2025-05-01T00:40:56-07:00,0,0
style.css,279,css,dbb93ae9,trv004,2025-05-01,00:40:56,-07:00,2025-05-01T00:40:56-07:00,0,0
style.css,280,css,dbb93ae9,trv004,2025-05-01,00:40:56,-07:00,2025-05-01T00:40:56-07:00,0,38
style.css,281,css,dbb93ae9,trv004,2025-05-01,00:40:56,-07:00,2025-05-01T00:40:56-07:00,0,5
style.css,282,css,3d8ddfd2,trv004,2025-05-01,00:49:31,-07:00,2025-05-01T00:49:31-07:00,0,10
style.css,283,css,3d8ddfd2,trv004,2025-05-01,00:49:31,-07:00,2025-05-01T00:49:31-07:00,0,14
style.css,284,css,3d8ddfd2,trv004,2025-05-01,00:49:31,-07:00,2025-05-01T00:49:31-07:00,0,6
style.css,285,css,3d8ddfd2,trv004,2025-05-01,00:49:31,-07:00,2025-05-01T00:49:31-07:00,0,13
style.css,286,css,3d8ddfd2,trv004,2025-05-01,00:49:31,-07:00,2025-05-01T00:49:31-07:00,0,19
style.css,287,css,3d8ddfd2,trv004,2025-05-01,00:49:31,-07:00,2025-05-01T00:49:31-07:00,0,10
style.css,288,css,3d8ddfd2,trv004,2025-05-01,00:49:31,-07:00,2025-05-01T00:49:31-07:00,0,13
style.css,289,css,3d8ddfd2,trv004,2025-05-01,00:49:31,-07:00,2025-05-01T00:49:31-07:00,0,16
style.css,290,css,dbb93ae9,trv004,2025-05-01,00:40:56,-07:00,2025-05-01T00:40:56-07:00,0,0
style.css,291,css,dbb93ae9,trv004,2025-05-01,00:40:56,-07:00,2025-05-01T00:40:56-07:00,0,0
style.css,292,css,dbb93ae9,trv004,2025-05-01,00:40:56,-07:00,2025-05-01T00:40:56-07:00,0,40
style.css,293,css,dbb93ae9,trv004,2025-05-01,00:40:56,-07:00,2025-05-01T00:40:56-07:00,0,8
style.css,294,css,3d8ddfd2,trv004,2025-05-01,00:49:31,-07:00,2025-05-01T00:49:31-07:00,0,10
style.css,295,css,3d8ddfd2,trv004,2025-05-01,00:49:31,-07:00,2025-05-01T00:49:31-07:00,0,16
style.css,296,css,3d8ddfd2,trv004,2025-05-01,00:49:31,-07:00,2025-05-01T00:49:31-07:00,0,6
style.css,297,css,3d8ddfd2,trv004,2025-05-01,00:49:31,-07:00,2025-05-01T00:49:31-07:00,0,11
style.css,298,css,3d8ddfd2,trv004,2025-05-01,00:49:31,-07:00,2025-05-01T00:49:31-07:00,0,9
style.css,299,css,dbb93ae9,trv004,2025-05-01,00:40:56,-07:00,2025-05-01T00:40:56-07:00,0,0
style.css,300,css,dbb93ae9,trv004,2025-05-01,00:40:56,-07:00,2025-05-01T00:40:56-07:00,0,0
style.css,301,css,dbb93ae9,trv004,2025-05-01,00:40:56,-07:00,2025-05-01T00:40:56-07:00,0,38
style.css,302,css,dbb93ae9,trv004,2025-05-01,00:40:56,-07:00,2025-05-01T00:40:56-07:00,0,5
style.css,303,css,3d8ddfd2,trv004,2025-05-01,00:49:31,-07:00,2025-05-01T00:49:31-07:00,0,18
style.css,304,css,3d8ddfd2,trv004,2025-05-01,00:49:31,-07:00,2025-05-01T00:49:31-07:00,0,8
style.css,305,css,3d8ddfd2,trv004,2025-05-01,00:49:31,-07:00,2025-05-01T00:49:31-07:00,0,9
style.css,306,css,3d8ddfd2,trv004,2025-05-01,00:49:31,-07:00,2025-05-01T00:49:31-07:00,0,27
style.css,307,css,3d8ddfd2,trv004,2025-05-01,00:49:31,-07:00,2025-05-01T00:49:31-07:00,0,15
style.css,308,css,dbb93ae9,trv004,2025-05-01,00:40:56,-07:00,2025-05-01T00:40:56-07:00,0,0
style.css,309,css,dbb93ae9,trv004,2025-05-01,00:40:56,-07:00,2025-05-01T00:40:56-07:00,0,0
style.css,310,css,dbb93ae9,trv004,2025-05-01,00:40:56,-07:00,2025-05-01T00:40:56-07:00,0,8
style.css,311,css,dbb93ae9,trv004,2025-05-01,00:40:56,-07:00,2025-05-01T00:40:56-07:00,0,10
style.css,312,css,3d8ddfd2,trv004,2025-05-01,00:49:31,-07:00,2025-05-01T00:49:31-07:00,0,16
style.css,313,css,3d8ddfd2,trv004,2025-05-01,00:49:31,-07:00,2025-05-01T00:49:31-07:00,0,6
style.css,314,css,dbb93ae9,trv004,2025-05-01,00:40:56,-07:00,2025-05-01T00:40:56-07:00,0,0
style.css,315,css,dbb93ae9,trv004,2025-05-01,00:40:56,-07:00,2025-05-01T00:40:56-07:00,0,0
style.css,316,css,dbb93ae9,trv004,2025-05-01,00:40:56,-07:00,2025-05-01T00:40:56-07:00,0,5
style.css,317,css,3d8ddfd2,trv004,2025-05-01,00:49:31,-07:00,2025-05-01T00:49:31-07:00,0,4
style.css,318,css,dbb93ae9,trv004,2025-05-01,00:40:56,-07:00,2025-05-01T00:40:56-07:00,0,10
style.css,319,css,3d8ddfd2,trv004,2025-05-01,00:49:31,-07:00,2025-05-01T00:49:31-07:00,0,12
style.css,320,css,dbb93ae9,trv004,2025-05-01,00:40:56,-07:00,2025-05-01T00:40:56-07:00,0,6
style.css,321,css,3d8ddfd2,trv004,2025-05-01,00:49:31,-07:00,2025-05-01T00:49:31-07:00,0,20
style.css,322,css,dbb93ae9,trv004,2025-05-01,00:40:56,-07:00,2025-05-01T00:40:56-07:00,0,0
style.css,323,css,dbb93ae9,trv004,2025-05-01,00:40:56,-07:00,2025-05-01T00:40:56-07:00,0,0
style.css,324,css,dbb93ae9,trv004,2025-05-01,00:40:56,-07:00,2025-05-01T00:40:56-07:00,0,15
style.css,325,css,dbb93ae9,trv004,2025-05-01,00:40:56,-07:00,2025-05-01T00:40:56-07:00,0,14
style.css,326,css,dbb93ae9,trv004,2025-05-01,00:40:56,-07:00,2025-05-01T00:40:56-07:00,1,9
style.css,327,css,dbb93ae9,trv004,2025-05-01,00:40:56,-07:00,2025-05-01T00:40:56-07:00,0,0
style.css,328,css,dbb93ae9,trv004,2025-05-01,00:40:56,-07:00,2025-05-01T00:40:56-07:00,0,0
style.css,329,css,dbb93ae9,trv004,2025-05-01,00:40:56,-07:00,2025-05-01T00:40:56-07:00,0,0
style.css,330,css,dbb93ae9,trv004,2025-05-01,00:40:56,-07:00,2025-05-01T00:40:56-07:00,0,2
style.css,331,css,dbb93ae9,trv004,2025-05-01,00:40:56,-07:00,2025-05-01T00:40:56-07:00,0,14
style.css,332,css,dbb93ae9,trv004,2025-05-01,00:40:56,-07:00,2025-05-01T00:40:56-07:00,0,0
style.css,333,css,dbb93ae9,trv004,2025-05-01,00:40:56,-07:00,2025-05-01T00:40:56-07:00,0,0
style.css,334,css,dbb93ae9,trv004,2025-05-01,00:40:56,-07:00,2025-05-01T00:40:56-07:00,0,7
style.css,335,css,dbb93ae9,trv004,2025-05-01,00:40:56,-07:00,2025-05-01T00:40:56-07:00,0,33
style.css,336,css,dbb93ae9,trv004,2025-05-01,00:40:56,-07:00,2025-05-01T00:40:56-07:00,0,0
style.css,337,css,dbb93ae9,trv004,2025-05-01,00:40:56,-07:00,2025-05-01T00:40:56-07:00,0,8
style.css,338,css,dbb93ae9,trv004,2025-05-01,00:40:56,-07:00,2025-05-01T00:40:56-07:00,1,15
style.css,339,css,dbb93ae9,trv004,2025-05-01,00:40:56,-07:00,2025-05-01T00:40:56-07:00,0,0
style.css,340,css,3d8ddfd2,trv004,2025-05-01,00:49:31,-07:00,2025-05-01T00:49:31-07:00,0,0
style.css,341,css,3d8ddfd2,trv004,2025-05-01,00:49:31,-07:00,2025-05-01T00:49:31-07:00,0,0
style.css,342,css,3d8ddfd2,trv004,2025-05-01,00:49:31,-07:00,2025-05-01T00:49:31-07:00,0,8
style.css,343,css,3d8ddfd2,trv004,2025-05-01,00:49:31,-07:00,2025-05-01T00:49:31-07:00,0,16
style.css,344,css,3d8ddfd2,trv004,2025-05-01,00:49:31,-07:00,2025-05-01T00:49:31-07:00,0,0
style.css,345,css,3d8ddfd2,trv004,2025-05-01,00:49:31,-07:00,2025-05-01T00:49:31-07:00,0,0
style.css,346,css,3d8ddfd2,trv004,2025-05-01,00:49:31,-07:00,2025-05-01T00:49:31-07:00,0,6
style.css,347,css,3d8ddfd2,trv004,2025-05-01,00:49:31,-07:00,2025-05-01T00:49:31-07:00,0,16
style.css,348,css,3d8ddfd2,trv004,2025-05-01,00:49:31,-07:00,2025-05-01T00:49:31-07:00,0,13
style.css,349,css,3d8ddfd2,trv004,2025-05-01,00:49:31,-07:00,2025-05-01T00:49:31-07:00,0,0
index.js,1,js,3b3c643a,trv004,2025-04-26,01:01:30,-07:00,2025-04-26T01:01:30-07:00,0,69
index.js,2,js,3b3c643a,trv004,2025-04-26,01:01:30,-07:00,2025-04-26T01:01:30-07:00,0,0
index.js,3,js,3b3c643a,trv004,2025-04-26,01:01:30,-07:00,2025-04-26T01:01:30-07:00,0,52
index.js,4,js,3b3c643a,trv004,2025-04-26,01:01:30,-07:00,2025-04-26T01:01:30-07:00,0,40
index.js,5,js,3b3c643a,trv004,2025-04-26,01:01:30,-07:00,2025-04-26T01:01:30-07:00,0,0
index.js,6,js,3b3c643a,trv004,2025-04-26,01:01:30,-07:00,2025-04-26T01:01:30-07:00,0,58
index.js,7,js,3b3c643a,trv004,2025-04-26,01:01:30,-07:00,2025-04-26T01:01:30-07:00,0,0
index.js,8,js,3b3c643a,trv004,2025-04-26,01:01:30,-07:00,2025-04-26T01:01:30-07:00,0,52
index.js,9,js,3b3c643a,trv004,2025-04-26,01:01:30,-07:00,2025-04-26T01:01:30-07:00,0,0
index.js,10,js,3b3c643a,trv004,2025-04-26,01:01:30,-07:00,2025-04-26T01:01:30-07:00,0,0
index.js,11,js,3b3c643a,trv004,2025-04-26,01:01:30,-07:00,2025-04-26T01:01:30-07:00,0,47
index.js,12,js,3b3c643a,trv004,2025-04-26,01:01:30,-07:00,2025-04-26T01:01:30-07:00,0,0
index.js,13,js,3b3c643a,trv004,2025-04-26,01:01:30,-07:00,2025-04-26T01:01:30-07:00,0,58
index.js,14,js,3b3c643a,trv004,2025-04-26,01:01:30,-07:00,2025-04-26T01:01:30-07:00,0,0
index.js,15,js,3b3c643a,trv004,2025-04-26,01:01:30,-07:00,2025-04-26T01:01:30-07:00,0,29
index.js,16,js,3b3c643a,trv004,2025-04-26,01:01:30,-07:00,2025-04-26T01:01:30-07:00,0,22
index.js,17,js,3b3c643a,trv004,2025-04-26,01:01:30,-07:00,2025-04-26T01:01:30-07:00,1,25
index.js,18,js,3b3c643a,trv004,2025-04-26,01:01:30,-07:00,2025-04-26T01:01:30-07:00,1,0
index.js,19,js,3b3c643a,trv004,2025-04-26,01:01:30,-07:00,2025-04-26T01:01:30-07:00,1,53
index.js,20,js,3b3c643a,trv004,2025-04-26,01:01:30,-07:00,2025-04-26T01:01:30-07:00,1,53
index.js,21,js,3b3c643a,trv004,2025-04-26,01:01:30,-07:00,2025-04-26T01:01:30-07:00,1,47
index.js,22,js,3b3c643a,trv004,2025-04-26,01:01:30,-07:00,2025-04-26T01:01:30-07:00,1,47
index.js,23,js,3b3c643a,trv004,2025-04-26,01:01:30,-07:00,2025-04-26T01:01:30-07:00,1,1
index.js,24,js,3b3c643a,trv004,2025-04-26,01:01:30,-07:00,2025-04-26T01:01:30-07:00,0,0
index.js,25,js,3b3c643a,trv004,2025-04-26,01:01:30,-07:00,2025-04-26T01:01:30-07:00,0,0
index.html,1,html,fa0f35a7,trv004,2025-04-04,17:25:37,-07:00,2025-04-04T17:25:37-07:00,0,11
index.html,2,html,fa0f35a7,trv004,2025-04-04,17:25:37,-07:00,2025-04-04T17:25:37-07:00,0,12
index.html,3,html,fa0f35a7,trv004,2025-04-04,17:25:37,-07:00,2025-04-04T17:25:37-07:00,0,2
index.html,4,html,fa0f35a7,trv004,2025-04-04,17:25:37,-07:00,2025-04-04T17:25:37-07:00,1,18
index.html,5,html,fa0f35a7,trv004,2025-04-04,17:25:37,-07:00,2025-04-04T17:25:37-07:00,1,66
index.html,6,html,fa0f35a7,trv004,2025-04-04,17:25:37,-07:00,2025-04-04T17:25:37-07:00,1,48
index.html,7,html,dcc2ae7c,trv004,2025-04-04,18:52:19,-07:00,2025-04-04T18:52:19-07:00,1,36
index.html,8,html,370dbf3d,trv004,2025-04-19,06:39:49,-07:00,2025-04-19T06:39:49-07:00,1,43
index.html,9,html,3b3c643a,trv004,2025-04-26,01:01:30,-07:00,2025-04-26T01:01:30-07:00,1,48
index.html,10,html,fa0f35a7,trv004,2025-04-04,17:25:37,-07:00,2025-04-04T17:25:37-07:00,0,3
index.html,11,html,fa0f35a7,trv004,2025-04-04,17:25:37,-07:00,2025-04-04T17:25:37-07:00,0,2
index.html,12,html,370dbf3d,trv004,2025-04-19,06:39:49,-07:00,2025-04-19T06:39:49-07:00,1,4
index.html,13,html,370dbf3d,trv004,2025-04-19,06:39:49,-07:00,2025-04-19T06:39:49-07:00,2,29
index.html,14,html,370dbf3d,trv004,2025-04-19,06:39:49,-07:00,2025-04-19T06:39:49-07:00,0,9
index.html,15,html,370dbf3d,trv004,2025-04-19,06:39:49,-07:00,2025-04-19T06:39:49-07:00,0,0
index.html,16,html,370dbf3d,trv004,2025-04-19,06:39:49,-07:00,2025-04-19T06:39:49-07:00,1,24
index.html,17,html,370dbf3d,trv004,2025-04-19,06:39:49,-07:00,2025-04-19T06:39:49-07:00,1,2
index.html,18,html,370dbf3d,trv004,2025-04-19,06:39:49,-07:00,2025-04-19T06:39:49-07:00,1,22
index.html,19,html,370dbf3d,trv004,2025-04-19,06:39:49,-07:00,2025-04-19T06:39:49-07:00,2,41
index.html,20,html,370dbf3d,trv004,2025-04-19,06:39:49,-07:00,2025-04-19T06:39:49-07:00,2,32
index.html,21,html,370dbf3d,trv004,2025-04-19,06:39:49,-07:00,2025-04-19T06:39:49-07:00,2,30
index.html,22,html,370dbf3d,trv004,2025-04-19,06:39:49,-07:00,2025-04-19T06:39:49-07:00,1,5
index.html,23,html,370dbf3d,trv004,2025-04-19,06:39:49,-07:00,2025-04-19T06:39:49-07:00,1,4
index.html,24,html,370dbf3d,trv004,2025-04-19,06:39:49,-07:00,2025-04-19T06:39:49-07:00,0,0
index.html,25,html,370dbf3d,trv004,2025-04-19,06:39:49,-07:00,2025-04-19T06:39:49-07:00,0,0
index.html,26,html,370dbf3d,trv004,2025-04-19,06:39:49,-07:00,2025-04-19T06:39:49-07:00,1,5
index.html,27,html,69538f6b,trv004,2025-04-11,17:11:18,-07:00,2025-04-11T17:11:18-07:00,0,0
index.html,28,html,69538f6b,trv004,2025-04-11,17:11:18,-07:00,2025-04-11T17:11:18-07:00,1,13
index.html,29,html,69538f6b,trv004,2025-04-11,17:11:18,-07:00,2025-04-11T17:11:18-07:00,1,68
index.html,30,html,69538f6b,trv004,2025-04-11,17:11:18,-07:00,2025-04-11T17:11:18-07:00,1,258
index.html,31,html,370dbf3d,trv004,2025-04-19,06:39:49,-07:00,2025-04-19T06:39:49-07:00,0,0
index.html,32,html,3b3c643a,trv004,2025-04-26,01:01:30,-07:00,2025-04-26T01:01:30-07:00,1,20
index.html,33,html,3b3c643a,trv004,2025-04-26,01:01:30,-07:00,2025-04-26T01:01:30-07:00,1,18
index.html,34,html,3b3c643a,trv004,2025-04-26,01:01:30,-07:00,2025-04-26T01:01:30-07:00,2,47
index.html,35,html,3b3c643a,trv004,2025-04-26,01:01:30,-07:00,2025-04-26T01:01:30-07:00,1,2
index.html,36,html,3b3c643a,trv004,2025-04-26,01:01:30,-07:00,2025-04-26T01:01:30-07:00,0,0
index.html,37,html,3b3c643a,trv004,2025-04-26,01:01:30,-07:00,2025-04-26T01:01:30-07:00,1,20
index.html,38,html,3b3c643a,trv004,2025-04-26,01:01:30,-07:00,2025-04-26T01:01:30-07:00,2,25
index.html,39,html,3b3c643a,trv004,2025-04-26,01:01:30,-07:00,2025-04-26T01:01:30-07:00,2,19
index.html,40,html,3b3c643a,trv004,2025-04-26,01:01:30,-07:00,2025-04-26T01:01:30-07:00,2,0
index.html,41,html,3b3c643a,trv004,2025-04-26,01:01:30,-07:00,2025-04-26T01:01:30-07:00,3,28
index.html,42,html,3b3c643a,trv004,2025-04-26,01:01:30,-07:00,2025-04-26T01:01:30-07:00,3,28
index.html,43,html,3b3c643a,trv004,2025-04-26,01:01:30,-07:00,2025-04-26T01:01:30-07:00,3,25
index.html,44,html,3b3c643a,trv004,2025-04-26,01:01:30,-07:00,2025-04-26T01:01:30-07:00,3,25
index.html,45,html,3b3c643a,trv004,2025-04-26,01:01:30,-07:00,2025-04-26T01:01:30-07:00,2,1
index.html,46,html,3b3c643a,trv004,2025-04-26,01:01:30,-07:00,2025-04-26T01:01:30-07:00,2,2
index.html,47,html,3b3c643a,trv004,2025-04-26,01:01:30,-07:00,2025-04-26T01:01:30-07:00,1,2
index.html,48,html,fa0f35a7,trv004,2025-04-04,17:25:37,-07:00,2025-04-04T17:25:37-07:00,0,3
index.html,49,html,fa0f35a7,trv004,2025-04-04,17:25:37,-07:00,2025-04-04T17:25:37-07:00,0,3
global.js,1,js,370dbf3d,trv004,2025-04-19,06:39:49,-07:00,2025-04-19T06:39:49-07:00,0,23
global.js,2,js,370dbf3d,trv004,2025-04-19,06:39:49,-07:00,2025-04-19T06:39:49-07:00,0,0
global.js,3,js,370dbf3d,trv004,2025-04-19,06:39:49,-07:00,2025-04-19T06:39:49-07:00,0,39
global.js,4,js,370dbf3d,trv004,2025-04-19,06:39:49,-07:00,2025-04-19T06:39:49-07:00,0,50
global.js,5,js,370dbf3d,trv004,2025-04-19,06:39:49,-07:00,2025-04-19T06:39:49-07:00,0,0
global.js,6,js,370dbf3d,trv004,2025-04-19,06:39:49,-07:00,2025-04-19T06:39:49-07:00,0,0
global.js,7,js,370dbf3d,trv004,2025-04-19,06:39:49,-07:00,2025-04-19T06:39:49-07:00,0,25
global.js,8,js,370dbf3d,trv004,2025-04-19,06:39:49,-07:00,2025-04-19T06:39:49-07:00,0,0
global.js,9,js,370dbf3d,trv004,2025-04-19,06:39:49,-07:00,2025-04-19T06:39:49-07:00,0,28
global.js,10,js,370dbf3d,trv004,2025-04-19,06:39:49,-07:00,2025-04-19T06:39:49-07:00,1,64
global.js,11,js,370dbf3d,trv004,2025-04-19,06:39:49,-07:00,2025-04-19T06:39:49-07:00,0,0
global.js,12,js,370dbf3d,trv004,2025-04-19,06:39:49,-07:00,2025-04-19T06:39:49-07:00,0,0
global.js,13,js,370dbf3d,trv004,2025-04-19,06:39:49,-07:00,2025-04-19T06:39:49-07:00,0,14
global.js,14,js,370dbf3d,trv004,2025-04-19,06:39:49,-07:00,2025-04-19T06:39:49-07:00,1,33
global.js,15,js,370dbf3d,trv004,2025-04-19,06:39:49,-07:00,2025-04-19T06:39:49-07:00,0,0
global.js,16,js,370dbf3d,trv004,2025-04-19,06:39:49,-07:00,2025-04-19T06:39:49-07:00,0,0
global.js,17,js,370dbf3d,trv004,2025-04-19,06:39:49,-07:00,2025-04-19T06:39:49-07:00,0,9
global.js,18,js,370dbf3d,trv004,2025-04-19,06:39:49,-07:00,2025-04-19T06:39:49-07:00,1,23
global.js,19,js,370dbf3d,trv004,2025-04-19,06:39:49,-07:00,2025-04-19T06:39:49-07:00,1,36
global.js,20,js,370dbf3d,trv004,2025-04-19,06:39:49,-07:00,2025-04-19T06:39:49-07:00,1,34
global.js,21,js,370dbf3d,trv004,2025-04-19,06:39:49,-07:00,2025-04-19T06:39:49-07:00,1,30
global.js,22,js,00000000,Not Committed Yet,2025-05-10,02:52:41,-07:00,2025-05-10T02:52:41-07:00,1,28
global.js,23,js,370dbf3d,trv004,2025-04-19,06:39:49,-07:00,2025-04-19T06:39:49-07:00,1,50
global.js,24,js,370dbf3d,trv004,2025-04-19,06:39:49,-07:00,2025-04-19T06:39:49-07:00,0,0
global.js,25,js,370dbf3d,trv004,2025-04-19,06:39:49,-07:00,2025-04-19T06:39:49-07:00,0,0
global.js,26,js,370dbf3d,trv004,2025-04-19,06:39:49,-07:00,2025-04-19T06:39:49-07:00,0,36
global.js,27,js,370dbf3d,trv004,2025-04-19,06:39:49,-07:00,2025-04-19T06:39:49-07:00,0,23
global.js,28,js,370dbf3d,trv004,2025-04-19,06:39:49,-07:00,2025-04-19T06:39:49-07:00,0,0
global.js,29,js,370dbf3d,trv004,2025-04-19,06:39:49,-07:00,2025-04-19T06:39:49-07:00,0,86
global.js,30,js,370dbf3d,trv004,2025-04-19,06:39:49,-07:00,2025-04-19T06:39:49-07:00,0,34
global.js,31,js,da656104,trv004,2025-05-01,01:06:07,-07:00,2025-05-01T01:06:07-07:00,0,46
global.js,32,js,370dbf3d,trv004,2025-04-19,06:39:49,-07:00,2025-04-19T06:39:49-07:00,0,0
global.js,33,js,370dbf3d,trv004,2025-04-19,06:39:49,-07:00,2025-04-19T06:39:49-07:00,0,18
global.js,34,js,370dbf3d,trv004,2025-04-19,06:39:49,-07:00,2025-04-19T06:39:49-07:00,1,12
global.js,35,js,370dbf3d,trv004,2025-04-19,06:39:49,-07:00,2025-04-19T06:39:49-07:00,1,16
global.js,36,js,370dbf3d,trv004,2025-04-19,06:39:49,-07:00,2025-04-19T06:39:49-07:00,0,0
global.js,37,js,370dbf3d,trv004,2025-04-19,06:39:49,-07:00,2025-04-19T06:39:49-07:00,1,26
global.js,38,js,370dbf3d,trv004,2025-04-19,06:39:49,-07:00,2025-04-19T06:39:49-07:00,2,18
global.js,39,js,370dbf3d,trv004,2025-04-19,06:39:49,-07:00,2025-04-19T06:39:49-07:00,1,0
global.js,40,js,370dbf3d,trv004,2025-04-19,06:39:49,-07:00,2025-04-19T06:39:49-07:00,0,0
global.js,41,js,bfeb7a27,trv004,2025-04-21,10:37:33,-07:00,2025-04-21T10:37:33-07:00,1,28
global.js,42,js,370dbf3d,trv004,2025-04-19,06:39:49,-07:00,2025-04-19T06:39:49-07:00,1,32
global.js,43,js,370dbf3d,trv004,2025-04-19,06:39:49,-07:00,2025-04-19T06:39:49-07:00,1,9
global.js,44,js,370dbf3d,trv004,2025-04-19,06:39:49,-07:00,2025-04-19T06:39:49-07:00,1,18
global.js,45,js,370dbf3d,trv004,2025-04-19,06:39:49,-07:00,2025-04-19T06:39:49-07:00,0,0
global.js,46,js,370dbf3d,trv004,2025-04-19,06:39:49,-07:00,2025-04-19T06:39:49-07:00,1,63
global.js,47,js,370dbf3d,trv004,2025-04-19,06:39:49,-07:00,2025-04-19T06:39:49-07:00,2,23
global.js,48,js,370dbf3d,trv004,2025-04-19,06:39:49,-07:00,2025-04-19T06:39:49-07:00,1,0
global.js,49,js,370dbf3d,trv004,2025-04-19,06:39:49,-07:00,2025-04-19T06:39:49-07:00,0,0
global.js,50,js,370dbf3d,trv004,2025-04-19,06:39:49,-07:00,2025-04-19T06:39:49-07:00,1,10
global.js,51,js,370dbf3d,trv004,2025-04-19,06:39:49,-07:00,2025-04-19T06:39:49-07:00,0,0
global.js,52,js,370dbf3d,trv004,2025-04-19,06:39:49,-07:00,2025-04-19T06:39:49-07:00,0,0
global.js,53,js,370dbf3d,trv004,2025-04-19,06:39:49,-07:00,2025-04-19T06:39:49-07:00,0,38
global.js,54,js,370dbf3d,trv004,2025-04-19,06:39:49,-07:00,2025-04-19T06:39:49-07:00,0,58
global.js,55,js,370dbf3d,trv004,2025-04-19,06:39:49,-07:00,2025-04-19T06:39:49-07:00,0,0
global.js,56,js,370dbf3d,trv004,2025-04-19,06:39:49,-07:00,2025-04-19T06:39:49-07:00,0,52
global.js,57,js,370dbf3d,trv004,2025-04-19,06:39:49,-07:00,2025-04-19T06:39:49-07:00,0,27
global.js,58,js,370dbf3d,trv004,2025-04-19,06:39:49,-07:00,2025-04-19T06:39:49-07:00,0,59
global.js,59,js,370dbf3d,trv004,2025-04-19,06:39:49,-07:00,2025-04-19T06:39:49-07:00,0,81
global.js,60,js,370dbf3d,trv004,2025-04-19,06:39:49,-07:00,2025-04-19T06:39:49-07:00,0,0
global.js,61,js,370dbf3d,trv004,2025-04-19,06:39:49,-07:00,2025-04-19T06:39:49-07:00,0,49
global.js,62,js,370dbf3d,trv004,2025-04-19,06:39:49,-07:00,2025-04-19T06:39:49-07:00,0,36
global.js,63,js,370dbf3d,trv004,2025-04-19,06:39:49,-07:00,2025-04-19T06:39:49-07:00,0,0
global.js,64,js,370dbf3d,trv004,2025-04-19,06:39:49,-07:00,2025-04-19T06:39:49-07:00,0,0
global.js,65,js,370dbf3d,trv004,2025-04-19,06:39:49,-07:00,2025-04-19T06:39:49-07:00,0,62
global.js,66,js,3b3c643a,trv004,2025-04-26,01:01:30,-07:00,2025-04-26T01:01:30-07:00,0,46
global.js,67,js,370dbf3d,trv004,2025-04-19,06:39:49,-07:00,2025-04-19T06:39:49-07:00,0,44
global.js,68,js,370dbf3d,trv004,2025-04-19,06:39:49,-07:00,2025-04-19T06:39:49-07:00,0,55
global.js,69,js,370dbf3d,trv004,2025-04-19,06:39:49,-07:00,2025-04-19T06:39:49-07:00,0,0
global.js,70,js,370dbf3d,trv004,2025-04-19,06:39:49,-07:00,2025-04-19T06:39:49-07:00,0,53
global.js,71,js,370dbf3d,trv004,2025-04-19,06:39:49,-07:00,2025-04-19T06:39:49-07:00,0,75
global.js,72,js,370dbf3d,trv004,2025-04-19,06:39:49,-07:00,2025-04-19T06:39:49-07:00,0,0
global.js,73,js,370dbf3d,trv004,2025-04-19,06:39:49,-07:00,2025-04-19T06:39:49-07:00,0,41
global.js,74,js,370dbf3d,trv004,2025-04-19,06:39:49,-07:00,2025-04-19T06:39:49-07:00,0,42
global.js,75,js,3b3c643a,trv004,2025-04-26,01:01:30,-07:00,2025-04-26T01:01:30-07:00,0,0
global.js,76,js,3b3c643a,trv004,2025-04-26,01:01:30,-07:00,2025-04-26T01:01:30-07:00,0,0
global.js,77,js,3b3c643a,trv004,2025-04-26,01:01:30,-07:00,2025-04-26T01:01:30-07:00,0,34
global.js,78,js,3b3c643a,trv004,2025-04-26,01:01:30,-07:00,2025-04-26T01:01:30-07:00,0,1
global.js,79,js,3b3c643a,trv004,2025-04-26,01:01:30,-07:00,2025-04-26T01:01:30-07:00,1,37
global.js,80,js,3b3c643a,trv004,2025-04-26,01:01:30,-07:00,2025-04-26T01:01:30-07:00,1,30
global.js,81,js,3b3c643a,trv004,2025-04-26,01:01:30,-07:00,2025-04-26T01:01:30-07:00,0,0
global.js,82,js,3b3c643a,trv004,2025-04-26,01:01:30,-07:00,2025-04-26T01:01:30-07:00,1,28
global.js,83,js,3b3c643a,trv004,2025-04-26,01:01:30,-07:00,2025-04-26T01:01:30-07:00,1,15
global.js,84,js,3b3c643a,trv004,2025-04-26,01:01:30,-07:00,2025-04-26T01:01:30-07:00,1,64
global.js,85,js,3b3c643a,trv004,2025-04-26,01:01:30,-07:00,2025-04-26T01:01:30-07:00,1,0
global.js,86,js,3b3c643a,trv004,2025-04-26,01:01:30,-07:00,2025-04-26T01:01:30-07:00,0,0
global.js,87,js,3b3c643a,trv004,2025-04-26,01:01:30,-07:00,2025-04-26T01:01:30-07:00,1,18
global.js,88,js,3b3c643a,trv004,2025-04-26,01:01:30,-07:00,2025-04-26T01:01:30-07:00,1,31
global.js,89,js,3b3c643a,trv004,2025-04-26,01:01:30,-07:00,2025-04-26T01:01:30-07:00,0,0
global.js,90,js,3b3c643a,trv004,2025-04-26,01:01:30,-07:00,2025-04-26T01:01:30-07:00,1,18
global.js,91,js,3b3c643a,trv004,2025-04-26,01:01:30,-07:00,2025-04-26T01:01:30-07:00,1,32
global.js,92,js,3b3c643a,trv004,2025-04-26,01:01:30,-07:00,2025-04-26T01:01:30-07:00,0,0
global.js,93,js,3b3c643a,trv004,2025-04-26,01:01:30,-07:00,2025-04-26T01:01:30-07:00,1,42
global.js,94,js,3b3c643a,trv004,2025-04-26,01:01:30,-07:00,2025-04-26T01:01:30-07:00,1,8
global.js,95,js,3b3c643a,trv004,2025-04-26,01:01:30,-07:00,2025-04-26T01:01:30-07:00,0,0
global.js,96,js,3b3c643a,trv004,2025-04-26,01:01:30,-07:00,2025-04-26T01:01:30-07:00,0,13
global.js,97,js,3b3c643a,trv004,2025-04-26,01:01:30,-07:00,2025-04-26T01:01:30-07:00,1,57
global.js,98,js,3b3c643a,trv004,2025-04-26,01:01:30,-07:00,2025-04-26T01:01:30-07:00,0,0
global.js,99,js,3b3c643a,trv004,2025-04-26,01:01:30,-07:00,2025-04-26T01:01:30-07:00,0,0
global.js,100,js,3b3c643a,trv004,2025-04-26,01:01:30,-07:00,2025-04-26T01:01:30-07:00,0,0
global.js,101,js,3b3c643a,trv004,2025-04-26,01:01:30,-07:00,2025-04-26T01:01:30-07:00,0,26
global.js,102,js,15cc17b8,trv004,2025-04-26,02:31:12,-07:00,2025-04-26T02:31:12-07:00,0,26
global.js,103,js,3b3c643a,trv004,2025-04-26,01:01:30,-07:00,2025-04-26T01:01:30-07:00,0,11
global.js,104,js,3b3c643a,trv004,2025-04-26,01:01:30,-07:00,2025-04-26T01:01:30-07:00,1,36
global.js,105,js,3b3c643a,trv004,2025-04-26,01:01:30,-07:00,2025-04-26T01:01:30-07:00,1,67
global.js,106,js,3b3c643a,trv004,2025-04-26,01:01:30,-07:00,2025-04-26T01:01:30-07:00,0,0
global.js,107,js,3b3c643a,trv004,2025-04-26,01:01:30,-07:00,2025-04-26T01:01:30-07:00,0,13
global.js,108,js,3b3c643a,trv004,2025-04-26,01:01:30,-07:00,2025-04-26T01:01:30-07:00,1,49
global.js,109,js,3b3c643a,trv004,2025-04-26,01:01:30,-07:00,2025-04-26T01:01:30-07:00,0,0
global.js,110,js,3b3c643a,trv004,2025-04-26,01:01:30,-07:00,2025-04-26T01:01:30-07:00,0,0
global.js,111,js,3b3c643a,trv004,2025-04-26,01:01:30,-07:00,2025-04-26T01:01:30-07:00,0,0
global.js,112,js,dbb93ae9,trv004,2025-05-01,00:40:56,-07:00,2025-05-01T00:40:56-07:00,0,0
global.js,113,js,3b3c643a,trv004,2025-04-26,01:01:30,-07:00,2025-04-26T01:01:30-07:00,0,77
global.js,114,js,dbb93ae9,trv004,2025-05-01,00:40:56,-07:00,2025-05-01T00:40:56-07:00,1,64
global.js,115,js,dbb93ae9,trv004,2025-05-01,00:40:56,-07:00,2025-05-01T00:40:56-07:00,1,28
global.js,116,js,3b3c643a,trv004,2025-04-26,01:01:30,-07:00,2025-04-26T01:01:30-07:00,0,0
global.js,117,js,3b3c643a,trv004,2025-04-26,01:01:30,-07:00,2025-04-26T01:01:30-07:00,1,25
global.js,118,js,3b3c643a,trv004,2025-04-26,01:01:30,-07:00,2025-04-26T01:01:30-07:00,1,46
global.js,119,js,dbb93ae9,trv004,2025-05-01,00:40:56,-07:00,2025-05-01T00:40:56-07:00,0,0
global.js,120,js,dbb93ae9,trv004,2025-05-01,00:40:56,-07:00,2025-05-01T00:40:56-07:00,1,11
global.js,121,js,dbb93ae9,trv004,2025-05-01,00:40:56,-07:00,2025-05-01T00:40:56-07:00,1,49
global.js,122,js,dbb93ae9,trv004,2025-05-01,00:40:56,-07:00,2025-05-01T00:40:56-07:00,1,32
global.js,123,js,dbb93ae9,trv004,2025-05-01,00:40:56,-07:00,2025-05-01T00:40:56-07:00,1,25
global.js,124,js,dbb93ae9,trv004,2025-05-01,00:40:56,-07:00,2025-05-01T00:40:56-07:00,0,0
global.js,125,js,dbb93ae9,trv004,2025-05-01,00:40:56,-07:00,2025-05-01T00:40:56-07:00,1,11
global.js,126,js,dbb93ae9,trv004,2025-05-01,00:40:56,-07:00,2025-05-01T00:40:56-07:00,1,38
global.js,127,js,dbb93ae9,trv004,2025-05-01,00:40:56,-07:00,2025-05-01T00:40:56-07:00,1,20
global.js,128,js,dbb93ae9,trv004,2025-05-01,00:40:56,-07:00,2025-05-01T00:40:56-07:00,1,20
global.js,129,js,dbb93ae9,trv004,2025-05-01,00:40:56,-07:00,2025-05-01T00:40:56-07:00,1,21
global.js,130,js,dbb93ae9,trv004,2025-05-01,00:40:56,-07:00,2025-05-01T00:40:56-07:00,0,0
global.js,131,js,dbb93ae9,trv004,2025-05-01,00:40:56,-07:00,2025-05-01T00:40:56-07:00,1,46
global.js,132,js,dbb93ae9,trv004,2025-05-01,00:40:56,-07:00,2025-05-01T00:40:56-07:00,1,46
global.js,133,js,dbb93ae9,trv004,2025-05-01,00:40:56,-07:00,2025-05-01T00:40:56-07:00,0,0
global.js,134,js,dbb93ae9,trv004,2025-05-01,00:40:56,-07:00,2025-05-01T00:40:56-07:00,1,44
global.js,135,js,dbb93ae9,trv004,2025-05-01,00:40:56,-07:00,2025-05-01T00:40:56-07:00,1,42
global.js,136,js,dbb93ae9,trv004,2025-05-01,00:40:56,-07:00,2025-05-01T00:40:56-07:00,1,33
global.js,137,js,dbb93ae9,trv004,2025-05-01,00:40:56,-07:00,2025-05-01T00:40:56-07:00,0,0
global.js,138,js,dbb93ae9,trv004,2025-05-01,00:40:56,-07:00,2025-05-01T00:40:56-07:00,1,37
global.js,139,js,dbb93ae9,trv004,2025-05-01,00:40:56,-07:00,2025-05-01T00:40:56-07:00,1,50
global.js,140,js,dbb93ae9,trv004,2025-05-01,00:40:56,-07:00,2025-05-01T00:40:56-07:00,1,22
global.js,141,js,dbb93ae9,trv004,2025-05-01,00:40:56,-07:00,2025-05-01T00:40:56-07:00,1,41
global.js,142,js,dbb93ae9,trv004,2025-05-01,00:40:56,-07:00,2025-05-01T00:40:56-07:00,1,44
global.js,143,js,dbb93ae9,trv004,2025-05-01,00:40:56,-07:00,2025-05-01T00:40:56-07:00,1,26
global.js,144,js,dbb93ae9,trv004,2025-05-01,00:40:56,-07:00,2025-05-01T00:40:56-07:00,0,0
global.js,145,js,dbb93ae9,trv004,2025-05-01,00:40:56,-07:00,2025-05-01T00:40:56-07:00,1,29
global.js,146,js,3b3c643a,trv004,2025-04-26,01:01:30,-07:00,2025-04-26T01:01:30-07:00,1,34
global.js,147,js,3b3c643a,trv004,2025-04-26,01:01:30,-07:00,2025-04-26T01:01:30-07:00,1,0
global.js,148,js,3b3c643a,trv004,2025-04-26,01:01:30,-07:00,2025-04-26T01:01:30-07:00,0,0
global.js,149,js,3b3c643a,trv004,2025-04-26,01:01:30,-07:00,2025-04-26T01:01:30-07:00,0,0
global.js,150,js,3b3c643a,trv004,2025-04-26,01:01:30,-07:00,2025-04-26T01:01:30-07:00,0,0
global.js,151,js,3b3c643a,trv004,2025-04-26,01:01:30,-07:00,2025-04-26T01:01:30-07:00,0,45
global.js,152,js,3b3c643a,trv004,2025-04-26,01:01:30,-07:00,2025-04-26T01:01:30-07:00,1,57
global.js,153,js,3b3c643a,trv004,2025-04-26,01:01:30,-07:00,2025-04-26T01:01:30-07:00,0,0
projects\projects.js,1,js,3b3c643a,trv004,2025-04-26,01:01:30,-07:00,2025-04-26T01:01:30-07:00,0,53
projects\projects.js,2,js,dbb93ae9,trv004,2025-05-01,00:40:56,-07:00,2025-05-01T00:40:56-07:00,0,61
projects\projects.js,3,js,3b3c643a,trv004,2025-04-26,01:01:30,-07:00,2025-04-26T01:01:30-07:00,0,0
projects\projects.js,4,js,703377d5,trv004,2025-05-01,02:39:53,-07:00,2025-05-01T02:39:53-07:00,0,16
projects\projects.js,5,js,3b3c643a,trv004,2025-04-26,01:01:30,-07:00,2025-04-26T01:01:30-07:00,0,53
projects\projects.js,6,js,3b3c643a,trv004,2025-04-26,01:01:30,-07:00,2025-04-26T01:01:30-07:00,0,58
projects\projects.js,7,js,dbb93ae9,trv004,2025-05-01,00:40:56,-07:00,2025-05-01T00:40:56-07:00,0,59
projects\projects.js,8,js,dbb93ae9,trv004,2025-05-01,00:40:56,-07:00,2025-05-01T00:40:56-07:00,0,53
projects\projects.js,9,js,3b3c643a,trv004,2025-04-26,01:01:30,-07:00,2025-04-26T01:01:30-07:00,0,0
projects\projects.js,10,js,703377d5,trv004,2025-05-01,02:39:53,-07:00,2025-05-01T02:39:53-07:00,0,29
projects\projects.js,11,js,3b3c643a,trv004,2025-04-26,01:01:30,-07:00,2025-04-26T01:01:30-07:00,0,46
projects\projects.js,12,js,dbb93ae9,trv004,2025-05-01,00:40:56,-07:00,2025-05-01T00:40:56-07:00,0,53
projects\projects.js,13,js,3b3c643a,trv004,2025-04-26,01:01:30,-07:00,2025-04-26T01:01:30-07:00,0,0
projects\projects.js,14,js,703377d5,trv004,2025-05-01,02:39:53,-07:00,2025-05-01T02:39:53-07:00,0,21
projects\projects.js,15,js,dbb93ae9,trv004,2025-05-01,00:40:56,-07:00,2025-05-01T00:40:56-07:00,0,55
projects\projects.js,16,js,dbb93ae9,trv004,2025-05-01,00:40:56,-07:00,2025-05-01T00:40:56-07:00,0,45
projects\projects.js,17,js,3b3c643a,trv004,2025-04-26,01:01:30,-07:00,2025-04-26T01:01:30-07:00,0,0
projects\projects.js,18,js,703377d5,trv004,2025-05-01,02:39:53,-07:00,2025-05-01T02:39:53-07:00,0,6
projects\projects.js,19,js,703377d5,trv004,2025-05-01,02:39:53,-07:00,2025-05-01T02:39:53-07:00,0,19
projects\projects.js,20,js,703377d5,trv004,2025-05-01,02:39:53,-07:00,2025-05-01T02:39:53-07:00,0,11
projects\projects.js,21,js,703377d5,trv004,2025-05-01,02:39:53,-07:00,2025-05-01T02:39:53-07:00,0,44
projects\projects.js,22,js,703377d5,trv004,2025-05-01,02:39:53,-07:00,2025-05-01T02:39:53-07:00,0,0
projects\projects.js,23,js,703377d5,trv004,2025-05-01,02:39:53,-07:00,2025-05-01T02:39:53-07:00,0,27
projects\projects.js,24,js,dbb93ae9,trv004,2025-05-01,00:40:56,-07:00,2025-05-01T00:40:56-07:00,0,36
projects\projects.js,25,js,dbb93ae9,trv004,2025-05-01,00:40:56,-07:00,2025-05-01T00:40:56-07:00,0,40
projects\projects.js,26,js,dbb93ae9,trv004,2025-05-01,00:40:56,-07:00,2025-05-01T00:40:56-07:00,0,42
projects\projects.js,27,js,3b3c643a,trv004,2025-04-26,01:01:30,-07:00,2025-04-26T01:01:30-07:00,0,0
projects\projects.js,28,js,dbb93ae9,trv004,2025-05-01,00:40:56,-07:00,2025-05-01T00:40:56-07:00,0,69
projects\projects.js,29,js,703377d5,trv004,2025-05-01,02:39:53,-07:00,2025-05-01T02:39:53-07:00,0,70
projects\projects.js,30,js,dbb93ae9,trv004,2025-05-01,00:40:56,-07:00,2025-05-01T00:40:56-07:00,0,0
projects\projects.js,31,js,dbb93ae9,trv004,2025-05-01,00:40:56,-07:00,2025-05-01T00:40:56-07:00,0,48
projects\projects.js,32,js,dbb93ae9,trv004,2025-05-01,00:40:56,-07:00,2025-05-01T00:40:56-07:00,0,33
projects\projects.js,33,js,dbb93ae9,trv004,2025-05-01,00:40:56,-07:00,2025-05-01T00:40:56-07:00,0,43
projects\projects.js,34,js,dbb93ae9,trv004,2025-05-01,00:40:56,-07:00,2025-05-01T00:40:56-07:00,0,0
projects\projects.js,35,js,dbb93ae9,trv004,2025-05-01,00:40:56,-07:00,2025-05-01T00:40:56-07:00,0,23
projects\projects.js,36,js,dbb93ae9,trv004,2025-05-01,00:40:56,-07:00,2025-05-01T00:40:56-07:00,0,22
projects\projects.js,37,js,dbb93ae9,trv004,2025-05-01,00:40:56,-07:00,2025-05-01T00:40:56-07:00,1,0
projects\projects.js,38,js,dbb93ae9,trv004,2025-05-01,00:40:56,-07:00,2025-05-01T00:40:56-07:00,1,11
projects\projects.js,39,js,dbb93ae9,trv004,2025-05-01,00:40:56,-07:00,2025-05-01T00:40:56-07:00,1,11
projects\projects.js,40,js,dbb93ae9,trv004,2025-05-01,00:40:56,-07:00,2025-05-01T00:40:56-07:00,1,20
projects\projects.js,41,js,703377d5,trv004,2025-05-01,02:39:53,-07:00,2025-05-01T02:39:53-07:00,1,49
projects\projects.js,42,js,dbb93ae9,trv004,2025-05-01,00:40:56,-07:00,2025-05-01T00:40:56-07:00,1,16
projects\projects.js,43,js,dbb93ae9,trv004,2025-05-01,00:40:56,-07:00,2025-05-01T00:40:56-07:00,2,41
projects\projects.js,44,js,dbb93ae9,trv004,2025-05-01,00:40:56,-07:00,2025-05-01T00:40:56-07:00,0,0
projects\projects.js,45,js,703377d5,trv004,2025-05-01,02:39:53,-07:00,2025-05-01T02:39:53-07:00,2,28
projects\projects.js,46,js,dbb93ae9,trv004,2025-05-01,00:40:56,-07:00,2025-05-01T00:40:56-07:00,2,17
projects\projects.js,47,js,dbb93ae9,trv004,2025-05-01,00:40:56,-07:00,2025-05-01T00:40:56-07:00,2,64
projects\projects.js,48,js,dbb93ae9,trv004,2025-05-01,00:40:56,-07:00,2025-05-01T00:40:56-07:00,0,0
projects\projects.js,49,js,dbb93ae9,trv004,2025-05-01,00:40:56,-07:00,2025-05-01T00:40:56-07:00,2,32
projects\projects.js,50,js,dbb93ae9,trv004,2025-05-01,00:40:56,-07:00,2025-05-01T00:40:56-07:00,2,64
projects\projects.js,51,js,dbb93ae9,trv004,2025-05-01,00:40:56,-07:00,2025-05-01T00:40:56-07:00,0,0
projects\projects.js,52,js,703377d5,trv004,2025-05-01,02:39:53,-07:00,2025-05-01T02:39:53-07:00,2,58
projects\projects.js,53,js,dbb93ae9,trv004,2025-05-01,00:40:56,-07:00,2025-05-01T00:40:56-07:00,2,49
projects\projects.js,54,js,dbb93ae9,trv004,2025-05-01,00:40:56,-07:00,2025-05-01T00:40:56-07:00,2,82
projects\projects.js,55,js,dbb93ae9,trv004,2025-05-01,00:40:56,-07:00,2025-05-01T00:40:56-07:00,2,83
projects\projects.js,56,js,dbb93ae9,trv004,2025-05-01,00:40:56,-07:00,2025-05-01T00:40:56-07:00,2,32
projects\projects.js,57,js,dbb93ae9,trv004,2025-05-01,00:40:56,-07:00,2025-05-01T00:40:56-07:00,2,0
projects\projects.js,58,js,dbb93ae9,trv004,2025-05-01,00:40:56,-07:00,2025-05-01T00:40:56-07:00,0,0
projects\projects.js,59,js,703377d5,trv004,2025-05-01,02:39:53,-07:00,2025-05-01T02:39:53-07:00,2,29
projects\projects.js,60,js,703377d5,trv004,2025-05-01,02:39:53,-07:00,2025-05-01T02:39:53-07:00,2,61
projects\projects.js,61,js,dbb93ae9,trv004,2025-05-01,00:40:56,-07:00,2025-05-01T00:40:56-07:00,2,54
projects\projects.js,62,js,dbb93ae9,trv004,2025-05-01,00:40:56,-07:00,2025-05-01T00:40:56-07:00,1,0
projects\projects.js,63,js,dbb93ae9,trv004,2025-05-01,00:40:56,-07:00,2025-05-01T00:40:56-07:00,0,0
projects\projects.js,64,js,dbb93ae9,trv004,2025-05-01,00:40:56,-07:00,2025-05-01T00:40:56-07:00,0,0
projects\projects.js,65,js,703377d5,trv004,2025-05-01,02:39:53,-07:00,2025-05-01T02:39:53-07:00,0,12
projects\projects.js,66,js,dbb93ae9,trv004,2025-05-01,00:40:56,-07:00,2025-05-01T00:40:56-07:00,0,32
projects\projects.js,67,js,dbb93ae9,trv004,2025-05-01,00:40:56,-07:00,2025-05-01T00:40:56-07:00,0,22
projects\projects.js,68,js,dbb93ae9,trv004,2025-05-01,00:40:56,-07:00,2025-05-01T00:40:56-07:00,1,15
projects\projects.js,69,js,dbb93ae9,trv004,2025-05-01,00:40:56,-07:00,2025-05-01T00:40:56-07:00,1,36
projects\projects.js,70,js,703377d5,trv004,2025-05-01,02:39:53,-07:00,2025-05-01T02:39:53-07:00,1,51
projects\projects.js,71,js,dbb93ae9,trv004,2025-05-01,00:40:56,-07:00,2025-05-01T00:40:56-07:00,1,67
projects\projects.js,72,js,dbb93ae9,trv004,2025-05-01,00:40:56,-07:00,2025-05-01T00:40:56-07:00,0,0
projects\projects.js,73,js,dbb93ae9,trv004,2025-05-01,00:40:56,-07:00,2025-05-01T00:40:56-07:00,0,0
projects\projects.js,74,js,dbb93ae9,trv004,2025-05-01,00:40:56,-07:00,2025-05-01T00:40:56-07:00,0,0
projects\projects.js,75,js,703377d5,trv004,2025-05-01,02:39:53,-07:00,2025-05-01T02:39:53-07:00,0,23
projects\projects.js,76,js,dbb93ae9,trv004,2025-05-01,00:40:56,-07:00,2025-05-01T00:40:56-07:00,0,21
projects\projects.js,77,js,dbb93ae9,trv004,2025-05-01,00:40:56,-07:00,2025-05-01T00:40:56-07:00,0,0
projects\projects.js,78,js,703377d5,trv004,2025-05-01,02:39:53,-07:00,2025-05-01T02:39:53-07:00,0,19
projects\projects.js,79,js,dbb93ae9,trv004,2025-05-01,00:40:56,-07:00,2025-05-01T00:40:56-07:00,0,47
projects\projects.js,80,js,703377d5,trv004,2025-05-01,02:39:53,-07:00,2025-05-01T02:39:53-07:00,0,37
projects\projects.js,81,js,dbb93ae9,trv004,2025-05-01,00:40:56,-07:00,2025-05-01T00:40:56-07:00,0,0
projects\projects.js,82,js,703377d5,trv004,2025-05-01,02:39:53,-07:00,2025-05-01T02:39:53-07:00,0,49
projects\projects.js,83,js,dbb93ae9,trv004,2025-05-01,00:40:56,-07:00,2025-05-01T00:40:56-07:00,1,82
projects\projects.js,84,js,dbb93ae9,trv004,2025-05-01,00:40:56,-07:00,2025-05-01T00:40:56-07:00,1,83
projects\projects.js,85,js,dbb93ae9,trv004,2025-05-01,00:40:56,-07:00,2025-05-01T00:40:56-07:00,1,32
projects\projects.js,86,js,dbb93ae9,trv004,2025-05-01,00:40:56,-07:00,2025-05-01T00:40:56-07:00,0,0
projects\projects.js,87,js,dbb93ae9,trv004,2025-05-01,00:40:56,-07:00,2025-05-01T00:40:56-07:00,0,0
projects\projects.js,88,js,dbb93ae9,trv004,2025-05-01,00:40:56,-07:00,2025-05-01T00:40:56-07:00,0,61
projects\projects.js,89,js,dbb93ae9,trv004,2025-05-01,00:40:56,-07:00,2025-05-01T00:40:56-07:00,0,29
projects\projects.js,90,js,dbb93ae9,trv004,2025-05-01,00:40:56,-07:00,2025-05-01T00:40:56-07:00,0,54
projects\projects.js,91,js,dbb93ae9,trv004,2025-05-01,00:40:56,-07:00,2025-05-01T00:40:56-07:00,0,0
projects\index.html,1,html,dcc2ae7c,trv004,2025-04-04,18:52:19,-07:00,2025-04-04T18:52:19-07:00,0,11
projects\index.html,2,html,dcc2ae7c,trv004,2025-04-04,18:52:19,-07:00,2025-04-04T18:52:19-07:00,0,12
projects\index.html,3,html,dcc2ae7c,trv004,2025-04-04,18:52:19,-07:00,2025-04-04T18:52:19-07:00,0,2
projects\index.html,4,html,dcc2ae7c,trv004,2025-04-04,18:52:19,-07:00,2025-04-04T18:52:19-07:00,1,18
projects\index.html,5,html,dcc2ae7c,trv004,2025-04-04,18:52:19,-07:00,2025-04-04T18:52:19-07:00,1,66
projects\index.html,6,html,dcc2ae7c,trv004,2025-04-04,18:52:19,-07:00,2025-04-04T18:52:19-07:00,1,19
projects\index.html,7,html,3b3c643a,trv004,2025-04-26,01:01:30,-07:00,2025-04-26T01:01:30-07:00,1,46
projects\index.html,8,html,3b3c643a,trv004,2025-04-26,01:01:30,-07:00,2025-04-26T01:01:30-07:00,1,45
projects\index.html,9,html,69538f6b,trv004,2025-04-11,17:11:18,-07:00,2025-04-11T17:11:18-07:00,1,39
projects\index.html,10,html,dcc2ae7c,trv004,2025-04-04,18:52:19,-07:00,2025-04-04T18:52:19-07:00,0,3
projects\index.html,11,html,dcc2ae7c,trv004,2025-04-04,18:52:19,-07:00,2025-04-04T18:52:19-07:00,0,2
projects\index.html,12,html,3b3c643a,trv004,2025-04-26,01:01:30,-07:00,2025-04-26T01:01:30-07:00,0,24
projects\index.html,13,html,3b3c643a,trv004,2025-04-26,01:01:30,-07:00,2025-04-26T01:01:30-07:00,1,2
projects\index.html,14,html,3b3c643a,trv004,2025-04-26,01:01:30,-07:00,2025-04-26T01:01:30-07:00,1,22
projects\index.html,15,html,3b3c643a,trv004,2025-04-26,01:01:30,-07:00,2025-04-26T01:01:30-07:00,1,41
projects\index.html,16,html,3b3c643a,trv004,2025-04-26,01:01:30,-07:00,2025-04-26T01:01:30-07:00,1,32
projects\index.html,17,html,3b3c643a,trv004,2025-04-26,01:01:30,-07:00,2025-04-26T01:01:30-07:00,1,30
projects\index.html,18,html,3b3c643a,trv004,2025-04-26,01:01:30,-07:00,2025-04-26T01:01:30-07:00,1,5
projects\index.html,19,html,3b3c643a,trv004,2025-04-26,01:01:30,-07:00,2025-04-26T01:01:30-07:00,0,4
projects\index.html,20,html,3b3c643a,trv004,2025-04-26,01:01:30,-07:00,2025-04-26T01:01:30-07:00,0,36
projects\index.html,21,html,dbb93ae9,trv004,2025-05-01,00:40:56,-07:00,2025-05-01T00:40:56-07:00,0,0
projects\index.html,22,html,dbb93ae9,trv004,2025-05-01,00:40:56,-07:00,2025-05-01T00:40:56-07:00,0,19
projects\index.html,23,html,dbb93ae9,trv004,2025-05-01,00:40:56,-07:00,2025-05-01T00:40:56-07:00,1,50
projects\index.html,24,html,dbb93ae9,trv004,2025-05-01,00:40:56,-07:00,2025-05-01T00:40:56-07:00,1,66
projects\index.html,25,html,dbb93ae9,trv004,2025-05-01,00:40:56,-07:00,2025-05-01T00:40:56-07:00,1,2
projects\index.html,26,html,dbb93ae9,trv004,2025-05-01,00:40:56,-07:00,2025-05-01T00:40:56-07:00,1,20
projects\index.html,27,html,dbb93ae9,trv004,2025-05-01,00:40:56,-07:00,2025-05-01T00:40:56-07:00,0,2
projects\index.html,28,html,dbb93ae9,trv004,2025-05-01,00:40:56,-07:00,2025-05-01T00:40:56-07:00,0,0
projects\index.html,29,html,dbb93ae9,trv004,2025-05-01,00:40:56,-07:00,2025-05-01T00:40:56-07:00,1,2
projects\index.html,30,html,dbb93ae9,trv004,2025-05-01,00:40:56,-07:00,2025-05-01T00:40:56-07:00,1,13
projects\index.html,31,html,dbb93ae9,trv004,2025-05-01,00:40:56,-07:00,2025-05-01T00:40:56-07:00,1,9
projects\index.html,32,html,dbb93ae9,trv004,2025-05-01,00:40:56,-07:00,2025-05-01T00:40:56-07:00,1,24
projects\index.html,33,html,dbb93ae9,trv004,2025-05-01,00:40:56,-07:00,2025-05-01T00:40:56-07:00,1,29
projects\index.html,34,html,dbb93ae9,trv004,2025-05-01,00:40:56,-07:00,2025-05-01T00:40:56-07:00,0,0
projects\index.html,35,html,dbb93ae9,trv004,2025-05-01,00:40:56,-07:00,2025-05-01T00:40:56-07:00,0,0
projects\index.html,36,html,69538f6b,trv004,2025-04-11,17:11:18,-07:00,2025-04-11T17:11:18-07:00,1,18
projects\index.html,37,html,3b3c643a,trv004,2025-04-26,01:01:30,-07:00,2025-04-26T01:01:30-07:00,2,14
projects\index.html,38,html,69538f6b,trv004,2025-04-11,17:11:18,-07:00,2025-04-11T17:11:18-07:00,2,27
projects\index.html,39,html,3b3c643a,trv004,2025-04-26,01:01:30,-07:00,2025-04-26T01:01:30-07:00,2,7
projects\index.html,40,html,69538f6b,trv004,2025-04-11,17:11:18,-07:00,2025-04-11T17:11:18-07:00,2,68
projects\index.html,41,html,69538f6b,trv004,2025-04-11,17:11:18,-07:00,2025-04-11T17:11:18-07:00,2,222
projects\index.html,42,html,3b3c643a,trv004,2025-04-26,01:01:30,-07:00,2025-04-26T01:01:30-07:00,2,11
projects\index.html,43,html,3b3c643a,trv004,2025-04-26,01:01:30,-07:00,2025-04-26T01:01:30-07:00,2,9
projects\index.html,44,html,69538f6b,trv004,2025-04-11,17:11:18,-07:00,2025-04-11T17:11:18-07:00,2,35
projects\index.html,45,html,69538f6b,trv004,2025-04-11,17:11:18,-07:00,2025-04-11T17:11:18-07:00,2,68
projects\index.html,46,html,69538f6b,trv004,2025-04-11,17:11:18,-07:00,2025-04-11T17:11:18-07:00,2,225
projects\index.html,47,html,3b3c643a,trv004,2025-04-26,01:01:30,-07:00,2025-04-26T01:01:30-07:00,2,11
projects\index.html,48,html,3b3c643a,trv004,2025-04-26,01:01:30,-07:00,2025-04-26T01:01:30-07:00,2,9
projects\index.html,49,html,69538f6b,trv004,2025-04-11,17:11:18,-07:00,2025-04-11T17:11:18-07:00,2,38
projects\index.html,50,html,69538f6b,trv004,2025-04-11,17:11:18,-07:00,2025-04-11T17:11:18-07:00,2,68
projects\index.html,51,html,69538f6b,trv004,2025-04-11,17:11:18,-07:00,2025-04-11T17:11:18-07:00,2,226
projects\index.html,52,html,3b3c643a,trv004,2025-04-26,01:01:30,-07:00,2025-04-26T01:01:30-07:00,2,11
projects\index.html,53,html,3b3c643a,trv004,2025-04-26,01:01:30,-07:00,2025-04-26T01:01:30-07:00,2,9
projects\index.html,54,html,69538f6b,trv004,2025-04-11,17:11:18,-07:00,2025-04-11T17:11:18-07:00,2,32
projects\index.html,55,html,69538f6b,trv004,2025-04-11,17:11:18,-07:00,2025-04-11T17:11:18-07:00,2,68
projects\index.html,56,html,69538f6b,trv004,2025-04-11,17:11:18,-07:00,2025-04-11T17:11:18-07:00,2,233
projects\index.html,57,html,3b3c643a,trv004,2025-04-26,01:01:30,-07:00,2025-04-26T01:01:30-07:00,2,11
projects\index.html,58,html,3b3c643a,trv004,2025-04-26,01:01:30,-07:00,2025-04-26T01:01:30-07:00,2,9
projects\index.html,59,html,69538f6b,trv004,2025-04-11,17:11:18,-07:00,2025-04-11T17:11:18-07:00,2,40
projects\index.html,60,html,69538f6b,trv004,2025-04-11,17:11:18,-07:00,2025-04-11T17:11:18-07:00,2,68
projects\index.html,61,html,69538f6b,trv004,2025-04-11,17:11:18,-07:00,2025-04-11T17:11:18-07:00,2,250
projects\index.html,62,html,3b3c643a,trv004,2025-04-26,01:01:30,-07:00,2025-04-26T01:01:30-07:00,2,11
projects\index.html,63,html,3b3c643a,trv004,2025-04-26,01:01:30,-07:00,2025-04-26T01:01:30-07:00,2,9
projects\index.html,64,html,69538f6b,trv004,2025-04-11,17:11:18,-07:00,2025-04-11T17:11:18-07:00,2,44
projects\index.html,65,html,69538f6b,trv004,2025-04-11,17:11:18,-07:00,2025-04-11T17:11:18-07:00,2,68
projects\index.html,66,html,69538f6b,trv004,2025-04-11,17:11:18,-07:00,2025-04-11T17:11:18-07:00,2,231
projects\index.html,67,html,3b3c643a,trv004,2025-04-26,01:01:30,-07:00,2025-04-26T01:01:30-07:00,2,11
projects\index.html,68,html,3b3c643a,trv004,2025-04-26,01:01:30,-07:00,2025-04-26T01:01:30-07:00,2,9
projects\index.html,69,html,69538f6b,trv004,2025-04-11,17:11:18,-07:00,2025-04-11T17:11:18-07:00,2,39
projects\index.html,70,html,69538f6b,trv004,2025-04-11,17:11:18,-07:00,2025-04-11T17:11:18-07:00,2,68
projects\index.html,71,html,69538f6b,trv004,2025-04-11,17:11:18,-07:00,2025-04-11T17:11:18-07:00,2,225
projects\index.html,72,html,3b3c643a,trv004,2025-04-26,01:01:30,-07:00,2025-04-26T01:01:30-07:00,2,11
projects\index.html,73,html,3b3c643a,trv004,2025-04-26,01:01:30,-07:00,2025-04-26T01:01:30-07:00,2,9
projects\index.html,74,html,69538f6b,trv004,2025-04-11,17:11:18,-07:00,2025-04-11T17:11:18-07:00,2,27
projects\index.html,75,html,69538f6b,trv004,2025-04-11,17:11:18,-07:00,2025-04-11T17:11:18-07:00,2,68
projects\index.html,76,html,69538f6b,trv004,2025-04-11,17:11:18,-07:00,2025-04-11T17:11:18-07:00,2,248
projects\index.html,77,html,3b3c643a,trv004,2025-04-26,01:01:30,-07:00,2025-04-26T01:01:30-07:00,2,11
projects\index.html,78,html,3b3c643a,trv004,2025-04-26,01:01:30,-07:00,2025-04-26T01:01:30-07:00,2,9
projects\index.html,79,html,69538f6b,trv004,2025-04-11,17:11:18,-07:00,2025-04-11T17:11:18-07:00,2,24
projects\index.html,80,html,69538f6b,trv004,2025-04-11,17:11:18,-07:00,2025-04-11T17:11:18-07:00,2,68
projects\index.html,81,html,69538f6b,trv004,2025-04-11,17:11:18,-07:00,2025-04-11T17:11:18-07:00,2,227
projects\index.html,82,html,3b3c643a,trv004,2025-04-26,01:01:30,-07:00,2025-04-26T01:01:30-07:00,2,11
projects\index.html,83,html,3b3c643a,trv004,2025-04-26,01:01:30,-07:00,2025-04-26T01:01:30-07:00,2,9
projects\index.html,84,html,69538f6b,trv004,2025-04-11,17:11:18,-07:00,2025-04-11T17:11:18-07:00,2,35
projects\index.html,85,html,69538f6b,trv004,2025-04-11,17:11:18,-07:00,2025-04-11T17:11:18-07:00,2,68
projects\index.html,86,html,69538f6b,trv004,2025-04-11,17:11:18,-07:00,2025-04-11T17:11:18-07:00,2,233
projects\index.html,87,html,3b3c643a,trv004,2025-04-26,01:01:30,-07:00,2025-04-26T01:01:30-07:00,2,11
projects\index.html,88,html,3b3c643a,trv004,2025-04-26,01:01:30,-07:00,2025-04-26T01:01:30-07:00,2,9
projects\index.html,89,html,69538f6b,trv004,2025-04-11,17:11:18,-07:00,2025-04-11T17:11:18-07:00,2,37
projects\index.html,90,html,69538f6b,trv004,2025-04-11,17:11:18,-07:00,2025-04-11T17:11:18-07:00,2,68
projects\index.html,91,html,69538f6b,trv004,2025-04-11,17:11:18,-07:00,2025-04-11T17:11:18-07:00,2,239
projects\index.html,92,html,3b3c643a,trv004,2025-04-26,01:01:30,-07:00,2025-04-26T01:01:30-07:00,2,11
projects\index.html,93,html,3b3c643a,trv004,2025-04-26,01:01:30,-07:00,2025-04-26T01:01:30-07:00,2,9
projects\index.html,94,html,69538f6b,trv004,2025-04-11,17:11:18,-07:00,2025-04-11T17:11:18-07:00,2,34
projects\index.html,95,html,69538f6b,trv004,2025-04-11,17:11:18,-07:00,2025-04-11T17:11:18-07:00,2,68
projects\index.html,96,html,69538f6b,trv004,2025-04-11,17:11:18,-07:00,2025-04-11T17:11:18-07:00,2,256
projects\index.html,97,html,3b3c643a,trv004,2025-04-26,01:01:30,-07:00,2025-04-26T01:01:30-07:00,2,15
projects\index.html,98,html,69538f6b,trv004,2025-04-11,17:11:18,-07:00,2025-04-11T17:11:18-07:00,1,2
projects\index.html,99,html,dcc2ae7c,trv004,2025-04-04,18:52:19,-07:00,2025-04-04T18:52:19-07:00,0,3
projects\index.html,100,html,dcc2ae7c,trv004,2025-04-04,18:52:19,-07:00,2025-04-04T18:52:19-07:00,0,3
cv\index.html,1,html,dcc2ae7c,trv004,2025-04-04,18:52:19,-07:00,2025-04-04T18:52:19-07:00,0,11
cv\index.html,2,html,dcc2ae7c,trv004,2025-04-04,18:52:19,-07:00,2025-04-04T18:52:19-07:00,0,12
cv\index.html,3,html,dcc2ae7c,trv004,2025-04-04,18:52:19,-07:00,2025-04-04T18:52:19-07:00,0,2
cv\index.html,4,html,dcc2ae7c,trv004,2025-04-04,18:52:19,-07:00,2025-04-04T18:52:19-07:00,1,18
cv\index.html,5,html,dcc2ae7c,trv004,2025-04-04,18:52:19,-07:00,2025-04-04T18:52:19-07:00,1,66
cv\index.html,6,html,dcc2ae7c,trv004,2025-04-04,18:52:19,-07:00,2025-04-04T18:52:19-07:00,1,34
cv\index.html,7,html,69538f6b,trv004,2025-04-11,17:11:18,-07:00,2025-04-11T17:11:18-07:00,1,39
cv\index.html,8,html,370dbf3d,trv004,2025-04-19,06:39:49,-07:00,2025-04-19T06:39:49-07:00,1,46
cv\index.html,9,html,dcc2ae7c,trv004,2025-04-04,18:52:19,-07:00,2025-04-04T18:52:19-07:00,0,3
cv\index.html,10,html,dcc2ae7c,trv004,2025-04-04,18:52:19,-07:00,2025-04-04T18:52:19-07:00,0,2
cv\index.html,11,html,3b3c643a,trv004,2025-04-26,01:01:30,-07:00,2025-04-26T01:01:30-07:00,1,24
cv\index.html,12,html,3b3c643a,trv004,2025-04-26,01:01:30,-07:00,2025-04-26T01:01:30-07:00,2,2
cv\index.html,13,html,3b3c643a,trv004,2025-04-26,01:01:30,-07:00,2025-04-26T01:01:30-07:00,2,22
cv\index.html,14,html,3b3c643a,trv004,2025-04-26,01:01:30,-07:00,2025-04-26T01:01:30-07:00,2,41
cv\index.html,15,html,3b3c643a,trv004,2025-04-26,01:01:30,-07:00,2025-04-26T01:01:30-07:00,2,32
cv\index.html,16,html,3b3c643a,trv004,2025-04-26,01:01:30,-07:00,2025-04-26T01:01:30-07:00,2,30
cv\index.html,17,html,3b3c643a,trv004,2025-04-26,01:01:30,-07:00,2025-04-26T01:01:30-07:00,2,5
cv\index.html,18,html,3b3c643a,trv004,2025-04-26,01:01:30,-07:00,2025-04-26T01:01:30-07:00,1,4
cv\index.html,19,html,69538f6b,trv004,2025-04-11,17:11:18,-07:00,2025-04-11T17:11:18-07:00,1,18
cv\index.html,20,html,69538f6b,trv004,2025-04-11,17:11:18,-07:00,2025-04-11T17:11:18-07:00,1,12
cv\index.html,21,html,dcc2ae7c,trv004,2025-04-04,18:52:19,-07:00,2025-04-04T18:52:19-07:00,1,5
cv\index.html,22,html,69538f6b,trv004,2025-04-11,17:11:18,-07:00,2025-04-11T17:11:18-07:00,2,18
cv\index.html,23,html,dcc2ae7c,trv004,2025-04-04,18:52:19,-07:00,2025-04-04T18:52:19-07:00,2,11
cv\index.html,24,html,dcc2ae7c,trv004,2025-04-04,18:52:19,-07:00,2025-04-04T18:52:19-07:00,2,21
cv\index.html,25,html,69538f6b,trv004,2025-04-11,17:11:18,-07:00,2025-04-11T17:11:18-07:00,2,17
cv\index.html,26,html,dcc2ae7c,trv004,2025-04-04,18:52:19,-07:00,2025-04-04T18:52:19-07:00,2,24
cv\index.html,27,html,dcc2ae7c,trv004,2025-04-04,18:52:19,-07:00,2025-04-04T18:52:19-07:00,1,6
cv\index.html,28,html,dcc2ae7c,trv004,2025-04-04,18:52:19,-07:00,2025-04-04T18:52:19-07:00,0,0
cv\index.html,29,html,dcc2ae7c,trv004,2025-04-04,18:52:19,-07:00,2025-04-04T18:52:19-07:00,1,5
cv\index.html,30,html,dcc2ae7c,trv004,2025-04-04,18:52:19,-07:00,2025-04-04T18:52:19-07:00,2,4
cv\index.html,31,html,dcc2ae7c,trv004,2025-04-04,18:52:19,-07:00,2025-04-04T18:52:19-07:00,3,14
cv\index.html,32,html,dcc2ae7c,trv004,2025-04-04,18:52:19,-07:00,2025-04-04T18:52:19-07:00,2,5
cv\index.html,33,html,dcc2ae7c,trv004,2025-04-04,18:52:19,-07:00,2025-04-04T18:52:19-07:00,2,5
cv\index.html,34,html,dcc2ae7c,trv004,2025-04-04,18:52:19,-07:00,2025-04-04T18:52:19-07:00,3,40
cv\index.html,35,html,69538f6b,trv004,2025-04-11,17:11:18,-07:00,2025-04-11T17:11:18-07:00,3,20
cv\index.html,36,html,69538f6b,trv004,2025-04-11,17:11:18,-07:00,2025-04-11T17:11:18-07:00,3,22
cv\index.html,37,html,69538f6b,trv004,2025-04-11,17:11:18,-07:00,2025-04-11T17:11:18-07:00,3,27
cv\index.html,38,html,69538f6b,trv004,2025-04-11,17:11:18,-07:00,2025-04-11T17:11:18-07:00,3,21
cv\index.html,39,html,dcc2ae7c,trv004,2025-04-04,18:52:19,-07:00,2025-04-04T18:52:19-07:00,2,6
cv\index.html,40,html,dcc2ae7c,trv004,2025-04-04,18:52:19,-07:00,2025-04-04T18:52:19-07:00,1,6
cv\index.html,41,html,dcc2ae7c,trv004,2025-04-04,18:52:19,-07:00,2025-04-04T18:52:19-07:00,0,0
cv\index.html,42,html,dcc2ae7c,trv004,2025-04-04,18:52:19,-07:00,2025-04-04T18:52:19-07:00,1,5
cv\index.html,43,html,dcc2ae7c,trv004,2025-04-04,18:52:19,-07:00,2025-04-04T18:52:19-07:00,2,4
cv\index.html,44,html,dcc2ae7c,trv004,2025-04-04,18:52:19,-07:00,2025-04-04T18:52:19-07:00,3,20
cv\index.html,45,html,dcc2ae7c,trv004,2025-04-04,18:52:19,-07:00,2025-04-04T18:52:19-07:00,2,5
cv\index.html,46,html,dcc2ae7c,trv004,2025-04-04,18:52:19,-07:00,2025-04-04T18:52:19-07:00,2,5
cv\index.html,47,html,dcc2ae7c,trv004,2025-04-04,18:52:19,-07:00,2025-04-04T18:52:19-07:00,3,35
cv\index.html,48,html,69538f6b,trv004,2025-04-11,17:11:18,-07:00,2025-04-11T17:11:18-07:00,3,32
cv\index.html,49,html,dcc2ae7c,trv004,2025-04-04,18:52:19,-07:00,2025-04-04T18:52:19-07:00,3,27
cv\index.html,50,html,dcc2ae7c,trv004,2025-04-04,18:52:19,-07:00,2025-04-04T18:52:19-07:00,3,9
cv\index.html,51,html,dcc2ae7c,trv004,2025-04-04,18:52:19,-07:00,2025-04-04T18:52:19-07:00,3,0
cv\index.html,52,html,dcc2ae7c,trv004,2025-04-04,18:52:19,-07:00,2025-04-04T18:52:19-07:00,4,95
cv\index.html,53,html,dcc2ae7c,trv004,2025-04-04,18:52:19,-07:00,2025-04-04T18:52:19-07:00,4,82
cv\index.html,54,html,dcc2ae7c,trv004,2025-04-04,18:52:19,-07:00,2025-04-04T18:52:19-07:00,4,91
cv\index.html,55,html,dcc2ae7c,trv004,2025-04-04,18:52:19,-07:00,2025-04-04T18:52:19-07:00,3,1
cv\index.html,56,html,dcc2ae7c,trv004,2025-04-04,18:52:19,-07:00,2025-04-04T18:52:19-07:00,2,6
cv\index.html,57,html,69538f6b,trv004,2025-04-11,17:11:18,-07:00,2025-04-11T17:11:18-07:00,0,0
cv\index.html,58,html,69538f6b,trv004,2025-04-11,17:11:18,-07:00,2025-04-11T17:11:18-07:00,2,5
cv\index.html,59,html,69538f6b,trv004,2025-04-11,17:11:18,-07:00,2025-04-11T17:11:18-07:00,3,22
cv\index.html,60,html,69538f6b,trv004,2025-04-11,17:11:18,-07:00,2025-04-11T17:11:18-07:00,3,32
cv\index.html,61,html,69538f6b,trv004,2025-04-11,17:11:18,-07:00,2025-04-11T17:11:18-07:00,3,27
cv\index.html,62,html,69538f6b,trv004,2025-04-11,17:11:18,-07:00,2025-04-11T17:11:18-07:00,3,0
cv\index.html,63,html,69538f6b,trv004,2025-04-11,17:11:18,-07:00,2025-04-11T17:11:18-07:00,4,95
cv\index.html,64,html,69538f6b,trv004,2025-04-11,17:11:18,-07:00,2025-04-11T17:11:18-07:00,4,92
cv\index.html,65,html,69538f6b,trv004,2025-04-11,17:11:18,-07:00,2025-04-11T17:11:18-07:00,4,45
cv\index.html,66,html,69538f6b,trv004,2025-04-11,17:11:18,-07:00,2025-04-11T17:11:18-07:00,3,1
cv\index.html,67,html,69538f6b,trv004,2025-04-11,17:11:18,-07:00,2025-04-11T17:11:18-07:00,2,6
cv\index.html,68,html,69538f6b,trv004,2025-04-11,17:11:18,-07:00,2025-04-11T17:11:18-07:00,1,6
cv\index.html,69,html,69538f6b,trv004,2025-04-11,17:11:18,-07:00,2025-04-11T17:11:18-07:00,0,0
cv\index.html,70,html,69538f6b,trv004,2025-04-11,17:11:18,-07:00,2025-04-11T17:11:18-07:00,1,5
cv\index.html,71,html,69538f6b,trv004,2025-04-11,17:11:18,-07:00,2025-04-11T17:11:18-07:00,2,4
cv\index.html,72,html,69538f6b,trv004,2025-04-11,17:11:18,-07:00,2025-04-11T17:11:18-07:00,3,30
cv\index.html,73,html,69538f6b,trv004,2025-04-11,17:11:18,-07:00,2025-04-11T17:11:18-07:00,2,5
cv\index.html,74,html,69538f6b,trv004,2025-04-11,17:11:18,-07:00,2025-04-11T17:11:18-07:00,2,5
cv\index.html,75,html,69538f6b,trv004,2025-04-11,17:11:18,-07:00,2025-04-11T17:11:18-07:00,3,37
cv\index.html,76,html,69538f6b,trv004,2025-04-11,17:11:18,-07:00,2025-04-11T17:11:18-07:00,3,28
cv\index.html,77,html,69538f6b,trv004,2025-04-11,17:11:18,-07:00,2025-04-11T17:11:18-07:00,3,36
cv\index.html,78,html,69538f6b,trv004,2025-04-11,17:11:18,-07:00,2025-04-11T17:11:18-07:00,3,0
cv\index.html,79,html,69538f6b,trv004,2025-04-11,17:11:18,-07:00,2025-04-11T17:11:18-07:00,4,87
cv\index.html,80,html,69538f6b,trv004,2025-04-11,17:11:18,-07:00,2025-04-11T17:11:18-07:00,4,89
cv\index.html,81,html,69538f6b,trv004,2025-04-11,17:11:18,-07:00,2025-04-11T17:11:18-07:00,4,99
cv\index.html,82,html,69538f6b,trv004,2025-04-11,17:11:18,-07:00,2025-04-11T17:11:18-07:00,3,1
cv\index.html,83,html,69538f6b,trv004,2025-04-11,17:11:18,-07:00,2025-04-11T17:11:18-07:00,2,6
cv\index.html,84,html,69538f6b,trv004,2025-04-11,17:11:18,-07:00,2025-04-11T17:11:18-07:00,0,0
cv\index.html,85,html,69538f6b,trv004,2025-04-11,17:11:18,-07:00,2025-04-11T17:11:18-07:00,2,5
cv\index.html,86,html,69538f6b,trv004,2025-04-11,17:11:18,-07:00,2025-04-11T17:11:18-07:00,3,29
cv\index.html,87,html,69538f6b,trv004,2025-04-11,17:11:18,-07:00,2025-04-11T17:11:18-07:00,3,14
cv\index.html,88,html,69538f6b,trv004,2025-04-11,17:11:18,-07:00,2025-04-11T17:11:18-07:00,3,19
cv\index.html,89,html,69538f6b,trv004,2025-04-11,17:11:18,-07:00,2025-04-11T17:11:18-07:00,3,0
cv\index.html,90,html,69538f6b,trv004,2025-04-11,17:11:18,-07:00,2025-04-11T17:11:18-07:00,4,92
cv\index.html,91,html,69538f6b,trv004,2025-04-11,17:11:18,-07:00,2025-04-11T17:11:18-07:00,4,96
cv\index.html,92,html,69538f6b,trv004,2025-04-11,17:11:18,-07:00,2025-04-11T17:11:18-07:00,3,1
cv\index.html,93,html,69538f6b,trv004,2025-04-11,17:11:18,-07:00,2025-04-11T17:11:18-07:00,2,6
cv\index.html,94,html,dcc2ae7c,trv004,2025-04-04,18:52:19,-07:00,2025-04-04T18:52:19-07:00,1,6
cv\index.html,95,html,dcc2ae7c,trv004,2025-04-04,18:52:19,-07:00,2025-04-04T18:52:19-07:00,0,0
cv\index.html,96,html,dcc2ae7c,trv004,2025-04-04,18:52:19,-07:00,2025-04-04T18:52:19-07:00,1,5
cv\index.html,97,html,dcc2ae7c,trv004,2025-04-04,18:52:19,-07:00,2025-04-04T18:52:19-07:00,2,4
cv\index.html,98,html,dcc2ae7c,trv004,2025-04-04,18:52:19,-07:00,2025-04-04T18:52:19-07:00,3,11
cv\index.html,99,html,dcc2ae7c,trv004,2025-04-04,18:52:19,-07:00,2025-04-04T18:52:19-07:00,2,5
cv\index.html,100,html,dcc2ae7c,trv004,2025-04-04,18:52:19,-07:00,2025-04-04T18:52:19-07:00,2,0
cv\index.html,101,html,69538f6b,trv004,2025-04-11,17:11:18,-07:00,2025-04-11T17:11:18-07:00,3,51
cv\index.html,102,html,69538f6b,trv004,2025-04-11,17:11:18,-07:00,2025-04-11T17:11:18-07:00,3,21
cv\index.html,103,html,69538f6b,trv004,2025-04-11,17:11:18,-07:00,2025-04-11T17:11:18-07:00,3,34
cv\index.html,104,html,69538f6b,trv004,2025-04-11,17:11:18,-07:00,2025-04-11T17:11:18-07:00,3,55
cv\index.html,105,html,69538f6b,trv004,2025-04-11,17:11:18,-07:00,2025-04-11T17:11:18-07:00,3,31
cv\index.html,106,html,69538f6b,trv004,2025-04-11,17:11:18,-07:00,2025-04-11T17:11:18-07:00,3,47
cv\index.html,107,html,dcc2ae7c,trv004,2025-04-04,18:52:19,-07:00,2025-04-04T18:52:19-07:00,2,1
cv\index.html,108,html,dcc2ae7c,trv004,2025-04-04,18:52:19,-07:00,2025-04-04T18:52:19-07:00,1,6
cv\index.html,109,html,69538f6b,trv004,2025-04-11,17:11:18,-07:00,2025-04-11T17:11:18-07:00,1,2
cv\index.html,110,html,dcc2ae7c,trv004,2025-04-04,18:52:19,-07:00,2025-04-04T18:52:19-07:00,0,3
cv\index.html,111,html,dcc2ae7c,trv004,2025-04-04,18:52:19,-07:00,2025-04-04T18:52:19-07:00,0,3
contact\index.html,1,html,45715167,trv004,2025-04-04,18:11:03,-07:00,2025-04-04T18:11:03-07:00,0,11
contact\index.html,2,html,45715167,trv004,2025-04-04,18:11:03,-07:00,2025-04-04T18:11:03-07:00,0,12
contact\index.html,3,html,45715167,trv004,2025-04-04,18:11:03,-07:00,2025-04-04T18:11:03-07:00,0,2
contact\index.html,4,html,45715167,trv004,2025-04-04,18:11:03,-07:00,2025-04-04T18:11:03-07:00,1,18
contact\index.html,5,html,45715167,trv004,2025-04-04,18:11:03,-07:00,2025-04-04T18:11:03-07:00,1,66
contact\index.html,6,html,45715167,trv004,2025-04-04,18:11:03,-07:00,2025-04-04T18:11:03-07:00,1,18
contact\index.html,7,html,69538f6b,trv004,2025-04-11,17:11:18,-07:00,2025-04-11T17:11:18-07:00,1,39
contact\index.html,8,html,370dbf3d,trv004,2025-04-19,06:39:49,-07:00,2025-04-19T06:39:49-07:00,1,46
contact\index.html,9,html,45715167,trv004,2025-04-04,18:11:03,-07:00,2025-04-04T18:11:03-07:00,0,3
contact\index.html,10,html,45715167,trv004,2025-04-04,18:11:03,-07:00,2025-04-04T18:11:03-07:00,0,2
contact\index.html,11,html,3b3c643a,trv004,2025-04-26,01:01:30,-07:00,2025-04-26T01:01:30-07:00,0,24
contact\index.html,12,html,3b3c643a,trv004,2025-04-26,01:01:30,-07:00,2025-04-26T01:01:30-07:00,1,2
contact\index.html,13,html,3b3c643a,trv004,2025-04-26,01:01:30,-07:00,2025-04-26T01:01:30-07:00,1,22
contact\index.html,14,html,3b3c643a,trv004,2025-04-26,01:01:30,-07:00,2025-04-26T01:01:30-07:00,1,41
contact\index.html,15,html,3b3c643a,trv004,2025-04-26,01:01:30,-07:00,2025-04-26T01:01:30-07:00,1,32
contact\index.html,16,html,3b3c643a,trv004,2025-04-26,01:01:30,-07:00,2025-04-26T01:01:30-07:00,1,30
contact\index.html,17,html,3b3c643a,trv004,2025-04-26,01:01:30,-07:00,2025-04-26T01:01:30-07:00,1,5
contact\index.html,18,html,3b3c643a,trv004,2025-04-26,01:01:30,-07:00,2025-04-26T01:01:30-07:00,0,4
contact\index.html,19,html,45715167,trv004,2025-04-04,18:11:03,-07:00,2025-04-04T18:11:03-07:00,1,12
contact\index.html,20,html,45715167,trv004,2025-04-04,18:11:03,-07:00,2025-04-04T18:11:03-07:00,0,0
contact\index.html,21,html,45715167,trv004,2025-04-04,18:11:03,-07:00,2025-04-04T18:11:03-07:00,1,72
contact\index.html,22,html,69538f6b,trv004,2025-04-11,17:11:18,-07:00,2025-04-11T17:11:18-07:00,1,26
contact\index.html,23,html,69538f6b,trv004,2025-04-11,17:11:18,-07:00,2025-04-11T17:11:18-07:00,1,46
contact\index.html,24,html,69538f6b,trv004,2025-04-11,17:11:18,-07:00,2025-04-11T17:11:18-07:00,1,0
contact\index.html,25,html,69538f6b,trv004,2025-04-11,17:11:18,-07:00,2025-04-11T17:11:18-07:00,1,34
contact\index.html,26,html,69538f6b,trv004,2025-04-11,17:11:18,-07:00,2025-04-11T17:11:18-07:00,1,49
contact\index.html,27,html,69538f6b,trv004,2025-04-11,17:11:18,-07:00,2025-04-11T17:11:18-07:00,1,0
contact\index.html,28,html,69538f6b,trv004,2025-04-11,17:11:18,-07:00,2025-04-11T17:11:18-07:00,1,32
contact\index.html,29,html,69538f6b,trv004,2025-04-11,17:11:18,-07:00,2025-04-11T17:11:18-07:00,1,54
contact\index.html,30,html,69538f6b,trv004,2025-04-11,17:11:18,-07:00,2025-04-11T17:11:18-07:00,1,0
contact\index.html,31,html,69538f6b,trv004,2025-04-11,17:11:18,-07:00,2025-04-11T17:11:18-07:00,1,31
contact\index.html,32,html,69538f6b,trv004,2025-04-11,17:11:18,-07:00,2025-04-11T17:11:18-07:00,1,3
contact\index.html,33,html,69538f6b,trv004,2025-04-11,17:11:18,-07:00,2025-04-11T17:11:18-07:00,1,0
contact\index.html,34,html,45715167,trv004,2025-04-04,18:11:03,-07:00,2025-04-04T18:11:03-07:00,0,3
contact\index.html,35,html,45715167,trv004,2025-04-04,18:11:03,-07:00,2025-04-04T18:11:03-07:00,0,3
